"Year","State","Race","Deaths","Population","Crude Rate","Age-Adjusted Rate","Years of Potential Life Lost"
"2023","Alabama","White","37","304,804","12.14","--","1,845"
"2023","Alabama","Black","10**","136,207","7.34**","--","503"
"2023","Alabama","American Indian / Alaska Native","0**","3,329","0.00**","--","--"
"2023","Alabama","Asian","--","6,779","--","--","--"
"2023","Alabama","HI Native / Pacific Islander","0**","793","0.00**","--","--"
"2023","Alabama","More than One Race","--","16,328","--","--","--"
"2023","Alaska","White","--","36,824","--","--","--"
"2023","Alaska","Black","0**","2,092","0.00**","--","--"
"2023","Alaska","American Indian / Alaska Native","--","13,978","--","--","--"
"2023","Alaska","Asian","0**","3,879","0.00**","--","--"
"2023","Alaska","HI Native / Pacific Islander","0**","1,585","0.00**","--","--"
"2023","Alaska","More than One Race","--","9,747","--","--","--"
"2023","Arizona","White","37","517,761","7.15","--","1,812"
"2023","Arizona","Black","--","45,319","--","--","--"
"2023","Arizona","American Indian / Alaska Native","--","45,997","--","--","--"
"2023","Arizona","Asian","0**","24,564","0.00**","--","--"
"2023","Arizona","HI Native / Pacific Islander","0**","2,169","0.00**","--","--"
"2023","Arizona","More than One Race","--","38,496","--","--","--"
"2023","Arkansas","White","21","217,247","9.67","--","1,026"
"2023","Arkansas","Black","--","51,245","--","--","--"
"2023","Arkansas","American Indian / Alaska Native","0**","3,399","0.00**","--","--"
"2023","Arkansas","Asian","0**","4,801","0.00**","--","--"
"2023","Arkansas","HI Native / Pacific Islander","--","2,252","--","--","--"
"2023","Arkansas","More than One Race","0**","12,061","0.00**","--","--"
"2023","California","White","108","2,528,822","4.27","--","5,306"
"2023","California","Black","10**","229,920","4.35**","--","500"
"2023","California","American Indian / Alaska Native","--","72,950","--","--","--"
"2023","California","Asian","22","479,568","4.59","--","1,078"
"2023","California","HI Native / Pacific Islander","--","19,084","--","--","--"
"2023","California","More than One Race","25","250,259","9.99","--","1,226"
"2023","Colorado","White","44","427,192","10.30","--","2,154"
"2023","Colorado","Black","--","26,756","--","--","--"
"2023","Colorado","American Indian / Alaska Native","--","9,946","--","--","--"
"2023","Colorado","Asian","--","17,346","--","--","--"
"2023","Colorado","HI Native / Pacific Islander","--","1,371","--","--","--"
"2023","Colorado","More than One Race","--","31,254","--","--","--"
"2023","Connecticut","White","--","230,020","--","--","--"
"2023","Connecticut","Black","--","48,853","--","--","--"
"2023","Connecticut","American Indian / Alaska Native","0**","2,639","0.00**","--","--"
"2023","Connecticut","Asian","0**","16,895","0.00**","--","--"
"2023","Connecticut","HI Native / Pacific Islander","0**","398","0.00**","--","--"
"2023","Connecticut","More than One Race","--","17,102","--","--","--"
"2023","Delaware","White","--","53,154","--","--","--"
"2023","Delaware","Black","--","25,747","--","--","--"
"2023","Delaware","American Indian / Alaska Native","0**","786","0.00**","--","--"
"2023","Delaware","Asian","0**","3,474","0.00**","--","--"
"2023","Delaware","HI Native / Pacific Islander","0**","100","0.00**","--","--"
"2023","Delaware","More than One Race","0**","5,764","0.00**","--","--"
"2023","District of Columbia","White","--","15,200","--","--","--"
"2023","District of Columbia","Black","--","26,194","--","--","--"
"2023","District of Columbia","American Indian / Alaska Native","0**","383","0.00**","--","--"
"2023","District of Columbia","Asian","0**","1,234","0.00**","--","--"
"2023","District of Columbia","HI Native / Pacific Islander","0**","106","0.00**","--","--"
"2023","District of Columbia","More than One Race","0**","2,033","0.00**","--","--"
"2023","Florida","White","63","1,261,579","4.99","--","3,109"
"2023","Florida","Black","17**","390,859","4.35**","--","832"
"2023","Florida","American Indian / Alaska Native","--","11,646","--","--","--"
"2023","Florida","Asian","--","56,956","--","--","--"
"2023","Florida","HI Native / Pacific Islander","0**","2,675","0.00**","--","--"
"2023","Florida","More than One Race","--","86,866","--","--","--"
"2023","Georgia","White","40","587,556","6.81","--","1,954"
"2023","Georgia","Black","25","382,615","6.53","--","1,217"
"2023","Georgia","American Indian / Alaska Native","--","7,754","--","--","--"
"2023","Georgia","Asian","--","46,854","--","--","--"
"2023","Georgia","HI Native / Pacific Islander","0**","1,772","0.00**","--","--"
"2023","Georgia","More than One Race","--","46,186","--","--","--"
"2023","Hawaii","White","0**","18,764","0.00**","--","--"
"2023","Hawaii","Black","0**","2,090","0.00**","--","--"
"2023","Hawaii","American Indian / Alaska Native","0**","338","0.00**","--","--"
"2023","Hawaii","Asian","--","30,313","--","--","--"
"2023","Hawaii","HI Native / Pacific Islander","--","15,037","--","--","--"
"2023","Hawaii","More than One Race","--","45,771","--","--","--"
"2023","Idaho","White","32","186,755","17.14","--","1,587"
"2023","Idaho","Black","0**","2,202","0.00**","--","--"
"2023","Idaho","American Indian / Alaska Native","--","3,687","--","--","--"
"2023","Idaho","Asian","0**","2,663","0.00**","--","--"
"2023","Idaho","HI Native / Pacific Islander","0**","503","0.00**","--","--"
"2023","Idaho","More than One Race","--","8,651","--","--","--"
"2023","Illinois","White","41","845,887","4.85","--","2,009"
"2023","Illinois","Black","--","180,222","--","--","--"
"2023","Illinois","American Indian / Alaska Native","--","9,382","--","--","--"
"2023","Illinois","Asian","--","64,398","--","--","--"
"2023","Illinois","HI Native / Pacific Islander","0**","859","0.00**","--","--"
"2023","Illinois","More than One Race","--","48,534","--","--","--"
"2023","Indiana","White","45","520,303","8.65","--","2,229"
"2023","Indiana","Black","--","77,967","--","--","--"
"2023","Indiana","American Indian / Alaska Native","0**","3,464","0.00**","--","--"
"2023","Indiana","Asian","--","19,173","--","--","--"
"2023","Indiana","HI Native / Pacific Islander","0**","666","0.00**","--","--"
"2023","Indiana","More than One Race","0**","30,667","0.00**","--","--"
"2023","Iowa","White","22","261,743","8.41","--","1,081"
"2023","Iowa","Black","--","17,414","--","--","--"
"2023","Iowa","American Indian / Alaska Native","0**","2,350","0.00**","--","--"
"2023","Iowa","Asian","0**","8,203","0.00**","--","--"
"2023","Iowa","HI Native / Pacific Islander","--","1,078","--","--","--"
"2023","Iowa","More than One Race","--","13,467","--","--","--"
"2023","Kansas","White","26","239,266","10.87","--","1,274"
"2023","Kansas","Black","--","19,486","--","--","--"
"2023","Kansas","American Indian / Alaska Native","--","3,858","--","--","--"
"2023","Kansas","Asian","0**","8,396","0.00**","--","--"
"2023","Kansas","HI Native / Pacific Islander","0**","486","0.00**","--","--"
"2023","Kansas","More than One Race","--","18,133","--","--","--"
"2023","Kentucky","White","34","343,601","9.90","--","1,679"
"2023","Kentucky","Black","--","41,389","--","--","--"
"2023","Kentucky","American Indian / Alaska Native","0**","1,381","0.00**","--","--"
"2023","Kentucky","Asian","0**","7,786","0.00**","--","--"
"2023","Kentucky","HI Native / Pacific Islander","0**","686","0.00**","--","--"
"2023","Kentucky","More than One Race","--","18,772","--","--","--"
"2023","Louisiana","White","21","245,624","8.55","--","1,022"
"2023","Louisiana","Black","--","158,610","--","--","--"
"2023","Louisiana","American Indian / Alaska Native","--","3,830","--","--","--"
"2023","Louisiana","Asian","--","7,682","--","--","--"
"2023","Louisiana","HI Native / Pacific Islander","0**","258","0.00**","--","--"
"2023","Louisiana","More than One Race","0**","14,676","0.00**","--","--"
"2023","Maine","White","--","97,168","--","--","--"
"2023","Maine","Black","--","3,545","--","--","--"
"2023","Maine","American Indian / Alaska Native","0**","886","0.00**","--","--"
"2023","Maine","Asian","0**","1,667","0.00**","--","--"
"2023","Maine","HI Native / Pacific Islander","0**","61","0.00**","--","--"
"2023","Maine","More than One Race","--","4,412","--","--","--"
"2023","Maryland","White","14**","299,345","4.68**","--","686"
"2023","Maryland","Black","--","183,430","--","--","--"
"2023","Maryland","American Indian / Alaska Native","0**","5,146","0.00**","--","--"
"2023","Maryland","Asian","--","38,065","--","--","--"
"2023","Maryland","HI Native / Pacific Islander","0**","791","0.00**","--","--"
"2023","Maryland","More than One Race","0**","34,288","0.00**","--","--"
"2023","Massachusetts","White","12**","431,487","2.78**","--","589"
"2023","Massachusetts","Black","--","67,269","--","--","--"
"2023","Massachusetts","American Indian / Alaska Native","0**","3,986","0.00**","--","--"
"2023","Massachusetts","Asian","--","46,016","--","--","--"
"2023","Massachusetts","HI Native / Pacific Islander","0**","771","0.00**","--","--"
"2023","Massachusetts","More than One Race","0**","30,025","0.00**","--","--"
"2023","Michigan","White","61","656,844","9.29","--","2,986"
"2023","Michigan","Black","10**","141,848","7.05**","--","491"
"2023","Michigan","American Indian / Alaska Native","0**","7,367","0.00**","--","--"
"2023","Michigan","Asian","--","32,077","--","--","--"
"2023","Michigan","HI Native / Pacific Islander","0**","412","0.00**","--","--"
"2023","Michigan","More than One Race","--","49,497","--","--","--"
"2023","Minnesota","White","39","401,833","9.71","--","1,915"
"2023","Minnesota","Black","--","57,906","--","--","--"
"2023","Minnesota","American Indian / Alaska Native","0**","10,743","0.00**","--","--"
"2023","Minnesota","Asian","--","33,665","--","--","--"
"2023","Minnesota","HI Native / Pacific Islander","0**","557","0.00**","--","--"
"2023","Minnesota","More than One Race","--","31,532","--","--","--"
"2023","Mississippi","White","12**","153,941","7.80**","--","591"
"2023","Mississippi","Black","--","121,594","--","--","--"
"2023","Mississippi","American Indian / Alaska Native","0**","2,351","0.00**","--","--"
"2023","Mississippi","Asian","0**","3,063","0.00**","--","--"
"2023","Mississippi","HI Native / Pacific Islander","0**","230","0.00**","--","--"
"2023","Mississippi","More than One Race","--","7,766","--","--","--"
"2023","Missouri","White","35","444,778","7.87","--","1,719"
"2023","Missouri","Black","--","75,640","--","--","--"
"2023","Missouri","American Indian / Alaska Native","--","3,362","--","--","--"
"2023","Missouri","Asian","0**","12,329","0.00**","--","--"
"2023","Missouri","HI Native / Pacific Islander","--","1,596","--","--","--"
"2023","Missouri","More than One Race","--","28,995","--","--","--"
"2023","Montana","White","14**","81,283","17.22**","--","682"
"2023","Montana","Black","0**","678","0.00**","--","--"
"2023","Montana","American Indian / Alaska Native","--","9,816","--","--","--"
"2023","Montana","Asian","0**","869","0.00**","--","--"
"2023","Montana","HI Native / Pacific Islander","0**","173","0.00**","--","--"
"2023","Montana","More than One Race","0**","5,296","0.00**","--","--"
"2023","Nebraska","White","17**","163,184","10.42**","--","830"
"2023","Nebraska","Black","--","12,792","--","--","--"
"2023","Nebraska","American Indian / Alaska Native","0**","4,254","0.00**","--","--"
"2023","Nebraska","Asian","--","5,337","--","--","--"
"2023","Nebraska","HI Native / Pacific Islander","0**","378","0.00**","--","--"
"2023","Nebraska","More than One Race","0**","9,637","0.00**","--","--"
"2023","Nevada","White","18**","194,182","9.27**","--","885"
"2023","Nevada","Black","--","35,356","--","--","--"
"2023","Nevada","American Indian / Alaska Native","0**","5,592","0.00**","--","--"
"2023","Nevada","Asian","--","20,152","--","--","--"
"2023","Nevada","HI Native / Pacific Islander","0**","2,890","0.00**","--","--"
"2023","Nevada","More than One Race","--","25,274","--","--","--"
"2023","New Hampshire","White","--","98,623","--","--","--"
"2023","New Hampshire","Black","--","3,030","--","--","--"
"2023","New Hampshire","American Indian / Alaska Native","0**","353","0.00**","--","--"
"2023","New Hampshire","Asian","0**","3,889","0.00**","--","--"
"2023","New Hampshire","HI Native / Pacific Islander","0**","65","0.00**","--","--"
"2023","New Hampshire","More than One Race","0**","4,218","0.00**","--","--"
"2023","New Jersey","White","21","559,858","3.75","--","1,013"
"2023","New Jersey","Black","--","138,347","--","--","--"
"2023","New Jersey","American Indian / Alaska Native","0**","7,643","0.00**","--","--"
"2023","New Jersey","Asian","--","84,306","--","--","--"
"2023","New Jersey","HI Native / Pacific Islander","0**","1,137","0.00**","--","--"
"2023","New Jersey","More than One Race","0**","36,556","0.00**","--","--"
"2023","New Mexico","White","29","150,949","19.21","--","1,411"
"2023","New Mexico","Black","--","6,137","--","--","--"
"2023","New Mexico","American Indian / Alaska Native","--","27,599","--","--","--"
"2023","New Mexico","Asian","0**","3,344","0.00**","--","--"
"2023","New Mexico","HI Native / Pacific Islander","0**","381","0.00**","--","--"
"2023","New Mexico","More than One Race","0**","8,991","0.00**","--","--"
"2023","New York","White","34","1,078,343","3.15","--","1,647"
"2023","New York","Black","13**","307,255","4.23**","--","635"
"2023","New York","American Indian / Alaska Native","--","20,716","--","--","--"
"2023","New York","Asian","--","137,901","--","--","--"
"2023","New York","HI Native / Pacific Islander","0**","2,551","0.00**","--","--"
"2023","New York","More than One Race","--","78,860","--","--","--"
"2023","North Carolina","White","48","637,142","7.53","--","2,361"
"2023","North Carolina","Black","17**","236,069","7.20**","--","830"
"2023","North Carolina","American Indian / Alaska Native","--","18,032","--","--","--"
"2023","North Carolina","Asian","0**","35,674","0.00**","--","--"
"2023","North Carolina","HI Native / Pacific Islander","0**","1,880","0.00**","--","--"
"2023","North Carolina","More than One Race","--","49,195","--","--","--"
"2023","North Dakota","White","--","59,239","--","--","--"
"2023","North Dakota","Black","0**","2,913","0.00**","--","--"
"2023","North Dakota","American Indian / Alaska Native","--","5,712","--","--","--"
"2023","North Dakota","Asian","--","994","--","--","--"
"2023","North Dakota","HI Native / Pacific Islander","0**","80","0.00**","--","--"
"2023","North Dakota","More than One Race","--","3,274","--","--","--"
"2023","Ohio","White","61","802,417","7.60","--","2,998"
"2023","Ohio","Black","13**","167,796","7.75**","--","635"
"2023","Ohio","American Indian / Alaska Native","0**","3,252","0.00**","--","--"
"2023","Ohio","Asian","0**","28,707","0.00**","--","--"
"2023","Ohio","HI Native / Pacific Islander","0**","976","0.00**","--","--"
"2023","Ohio","More than One Race","--","58,468","--","--","--"
"2023","Oklahoma","White","28","264,734","10.58","--","1,380"
"2023","Oklahoma","Black","--","33,412","--","--","--"
"2023","Oklahoma","American Indian / Alaska Native","--","44,521","--","--","--"
"2023","Oklahoma","Asian","--","9,284","--","--","--"
"2023","Oklahoma","HI Native / Pacific Islander","0**","1,256","0.00**","--","--"
"2023","Oklahoma","More than One Race","--","43,408","--","--","--"
"2023","Oregon","White","17**","291,249","5.84**","--","840"
"2023","Oregon","Black","--","9,932","--","--","--"
"2023","Oregon","American Indian / Alaska Native","0**","8,123","0.00**","--","--"
"2023","Oregon","Asian","--","15,730","--","--","--"
"2023","Oregon","HI Native / Pacific Islander","--","2,136","--","--","--"
"2023","Oregon","More than One Race","--","26,634","--","--","--"
"2023","Pennsylvania","White","40","835,056","4.79","--","1,939"
"2023","Pennsylvania","Black","--","166,960","--","--","--"
"2023","Pennsylvania","American Indian / Alaska Native","0**","6,114","0.00**","--","--"
"2023","Pennsylvania","Asian","--","48,535","--","--","--"
"2023","Pennsylvania","HI Native / Pacific Islander","0**","1,233","0.00**","--","--"
"2023","Pennsylvania","More than One Race","--","55,686","--","--","--"
"2023","Rhode Island","White","--","68,146","--","--","--"
"2023","Rhode Island","Black","0**","10,167","0.00**","--","--"
"2023","Rhode Island","American Indian / Alaska Native","0**","1,465","0.00**","--","--"
"2023","Rhode Island","Asian","--","3,548","--","--","--"
"2023","Rhode Island","HI Native / Pacific Islander","0**","206","0.00**","--","--"
"2023","Rhode Island","More than One Race","0**","5,461","0.00**","--","--"
"2023","South Carolina","White","15**","304,614","4.92**","--","745"
"2023","South Carolina","Black","--","143,072","--","--","--"
"2023","South Carolina","American Indian / Alaska Native","0**","3,291","0.00**","--","--"
"2023","South Carolina","Asian","--","8,944","--","--","--"
"2023","South Carolina","HI Native / Pacific Islander","0**","730","0.00**","--","--"
"2023","South Carolina","More than One Race","0**","21,650","0.00**","--","--"
"2023","South Dakota","White","--","68,474","--","--","--"
"2023","South Dakota","Black","0**","2,900","0.00**","--","--"
"2023","South Dakota","American Indian / Alaska Native","--","11,124","--","--","--"
"2023","South Dakota","Asian","0**","1,368","0.00**","--","--"
"2023","South Dakota","HI Native / Pacific Islander","0**","73","0.00**","--","--"
"2023","South Dakota","More than One Race","0**","4,555","0.00**","--","--"
"2023","Tennessee","White","49","474,645","10.32","--","2,414"
"2023","Tennessee","Black","--","119,291","--","--","--"
"2023","Tennessee","American Indian / Alaska Native","0**","3,839","0.00**","--","--"
"2023","Tennessee","Asian","0**","13,068","0.00**","--","--"
"2023","Tennessee","HI Native / Pacific Islander","--","987","--","--","--"
"2023","Tennessee","More than One Race","0**","27,608","0.00**","--","--"
"2023","Texas","White","175","2,352,727","7.44","--","8,552"
"2023","Texas","Black","22","431,800","5.10","--","1,069"
"2023","Texas","American Indian / Alaska Native","0**","35,209","0.00**","--","--"
"2023","Texas","Asian","10**","156,254","6.40**","--","491"
"2023","Texas","HI Native / Pacific Islander","0**","5,388","0.00**","--","--"
"2023","Texas","More than One Race","--","113,016","--","--","--"
"2023","Utah","White","29","353,643","8.20","--","1,414"
"2023","Utah","Black","--","6,831","--","--","--"
"2023","Utah","American Indian / Alaska Native","--","6,468","--","--","--"
"2023","Utah","Asian","0**","7,275","0.00**","--","--"
"2023","Utah","HI Native / Pacific Islander","0**","5,098","0.00**","--","--"
"2023","Utah","More than One Race","--","17,100","--","--","--"
"2023","Vermont","White","--","46,570","--","--","--"
"2023","Vermont","Black","0**","1,111","0.00**","--","--"
"2023","Vermont","American Indian / Alaska Native","0**","177","0.00**","--","--"
"2023","Vermont","Asian","0**","1,325","0.00**","--","--"
"2023","Vermont","HI Native / Pacific Islander","0**","28","0.00**","--","--"
"2023","Vermont","More than One Race","0**","2,373","0.00**","--","--"
"2023","Virginia","White","29","498,709","5.82","--","1,427"
"2023","Virginia","Black","13**","163,776","7.94**","--","629"
"2023","Virginia","American Indian / Alaska Native","0**","5,312","0.00**","--","--"
"2023","Virginia","Asian","--","56,061","--","--","--"
"2023","Virginia","HI Native / Pacific Islander","0**","999","0.00**","--","--"
"2023","Virginia","More than One Race","--","50,961","--","--","--"
"2023","Washington","White","45","486,692","9.25","--","2,212"
"2023","Washington","Black","--","33,959","--","--","--"
"2023","Washington","American Indian / Alaska Native","--","17,540","--","--","--"
"2023","Washington","Asian","--","57,336","--","--","--"
"2023","Washington","HI Native / Pacific Islander","0**","7,572","0.00**","--","--"
"2023","Washington","More than One Race","--","65,163","--","--","--"
"2023","West Virginia","White","--","135,561","--","--","--"
"2023","West Virginia","Black","--","6,191","--","--","--"
"2023","West Virginia","American Indian / Alaska Native","0**","381","0.00**","--","--"
"2023","West Virginia","Asian","0**","1,105","0.00**","--","--"
"2023","West Virginia","HI Native / Pacific Islander","0**","52","0.00**","--","--"
"2023","West Virginia","More than One Race","0**","6,682","0.00**","--","--"
"2023","Wisconsin","White","31","429,959","7.21","--","1,505"
"2023","Wisconsin","Black","--","47,258","--","--","--"
"2023","Wisconsin","American Indian / Alaska Native","0**","8,607","0.00**","--","--"
"2023","Wisconsin","Asian","0**","20,916","0.00**","--","--"
"2023","Wisconsin","HI Native / Pacific Islander","0**","361","0.00**","--","--"
"2023","Wisconsin","More than One Race","--","25,031","--","--","--"
"2023","Wyoming","White","10**","50,730","19.71**","--","492"
"2023","Wyoming","Black","0**","660","0.00**","--","--"
"2023","Wyoming","American Indian / Alaska Native","0**","2,055","0.00**","--","--"
"2023","Wyoming","Asian","0**","429","0.00**","--","--"
"2023","Wyoming","HI Native / Pacific Islander","0**","48","0.00**","--","--"
"2023","Wyoming","More than One Race","0**","2,154","0.00**","--","--"
"2022","Alabama","White","17**","304,850","5.58**","--","836"
"2022","Alabama","Black","--","136,340","--","--","--"
"2022","Alabama","American Indian / Alaska Native","0**","3,428","0.00**","--","--"
"2022","Alabama","Asian","--","6,916","--","--","--"
"2022","Alabama","HI Native / Pacific Islander","0**","795","0.00**","--","--"
"2022","Alabama","More than One Race","0**","15,407","0.00**","--","--"
"2022","Alaska","White","--","36,989","--","--","--"
"2022","Alaska","Black","0**","2,130","0.00**","--","--"
"2022","Alaska","American Indian / Alaska Native","--","13,694","--","--","--"
"2022","Alaska","Asian","--","4,075","--","--","--"
"2022","Alaska","HI Native / Pacific Islander","0**","1,550","0.00**","--","--"
"2022","Alaska","More than One Race","--","9,557","--","--","--"
"2022","Arizona","White","47","523,714","8.97","--","2,291"
"2022","Arizona","Black","--","44,481","--","--","--"
"2022","Arizona","American Indian / Alaska Native","--","45,838","--","--","--"
"2022","Arizona","Asian","0**","24,035","0.00**","--","--"
"2022","Arizona","HI Native / Pacific Islander","0**","2,130","0.00**","--","--"
"2022","Arizona","More than One Race","--","37,421","--","--","--"
"2022","Arkansas","White","15**","218,105","6.88**","--","744"
"2022","Arkansas","Black","--","51,331","--","--","--"
"2022","Arkansas","American Indian / Alaska Native","--","3,295","--","--","--"
"2022","Arkansas","Asian","0**","4,665","0.00**","--","--"
"2022","Arkansas","HI Native / Pacific Islander","0**","2,273","0.00**","--","--"
"2022","Arkansas","More than One Race","0**","11,704","0.00**","--","--"
"2022","California","White","105","2,559,126","4.10","--","5,152"
"2022","California","Black","11**","232,827","4.73**","--","536"
"2022","California","American Indian / Alaska Native","--","73,780","--","--","--"
"2022","California","Asian","20**","479,339","4.17**","--","965"
"2022","California","HI Native / Pacific Islander","--","19,277","--","--","--"
"2022","California","More than One Race","12**","245,806","4.88**","--","605"
"2022","Colorado","White","43","434,021","9.91","--","2,124"
"2022","Colorado","Black","--","26,474","--","--","--"
"2022","Colorado","American Indian / Alaska Native","0**","9,818","0.00**","--","--"
"2022","Colorado","Asian","--","17,397","--","--","--"
"2022","Colorado","HI Native / Pacific Islander","0**","1,308","0.00**","--","--"
"2022","Colorado","More than One Race","--","30,766","--","--","--"
"2022","Connecticut","White","--","235,424","--","--","--"
"2022","Connecticut","Black","--","48,670","--","--","--"
"2022","Connecticut","American Indian / Alaska Native","0**","2,468","0.00**","--","--"
"2022","Connecticut","Asian","--","16,957","--","--","--"
"2022","Connecticut","HI Native / Pacific Islander","0**","392","0.00**","--","--"
"2022","Connecticut","More than One Race","0**","16,813","0.00**","--","--"
"2022","Delaware","White","--","53,291","--","--","--"
"2022","Delaware","Black","--","25,433","--","--","--"
"2022","Delaware","American Indian / Alaska Native","0**","792","0.00**","--","--"
"2022","Delaware","Asian","0**","3,377","0.00**","--","--"
"2022","Delaware","HI Native / Pacific Islander","0**","106","0.00**","--","--"
"2022","Delaware","More than One Race","0**","5,572","0.00**","--","--"
"2022","District of Columbia","White","0**","14,379","0.00**","--","--"
"2022","District of Columbia","Black","0**","25,404","0.00**","--","--"
"2022","District of Columbia","American Indian / Alaska Native","0**","351","0.00**","--","--"
"2022","District of Columbia","Asian","0**","1,129","0.00**","--","--"
"2022","District of Columbia","HI Native / Pacific Islander","0**","84","0.00**","--","--"
"2022","District of Columbia","More than One Race","0**","1,870","0.00**","--","--"
"2022","Florida","White","76","1,256,439","6.05","--","3,703"
"2022","Florida","Black","21","386,053","5.44","--","1,024"
"2022","Florida","American Indian / Alaska Native","--","11,131","--","--","--"
"2022","Florida","Asian","--","55,275","--","--","--"
"2022","Florida","HI Native / Pacific Islander","0**","2,541","0.00**","--","--"
"2022","Florida","More than One Race","--","83,679","--","--","--"
"2022","Georgia","White","47","594,182","7.91","--","2,305"
"2022","Georgia","Black","26","380,503","6.83","--","1,270"
"2022","Georgia","American Indian / Alaska Native","--","7,519","--","--","--"
"2022","Georgia","Asian","--","45,630","--","--","--"
"2022","Georgia","HI Native / Pacific Islander","0**","1,599","0.00**","--","--"
"2022","Georgia","More than One Race","--","44,297","--","--","--"
"2022","Hawaii","White","--","18,234","--","--","--"
"2022","Hawaii","Black","0**","1,998","0.00**","--","--"
"2022","Hawaii","American Indian / Alaska Native","0**","296","0.00**","--","--"
"2022","Hawaii","Asian","--","31,391","--","--","--"
"2022","Hawaii","HI Native / Pacific Islander","--","15,229","--","--","--"
"2022","Hawaii","More than One Race","--","45,055","--","--","--"
"2022","Idaho","White","23","186,816","12.31","--","1,147"
"2022","Idaho","Black","0**","2,164","0.00**","--","--"
"2022","Idaho","American Indian / Alaska Native","--","3,642","--","--","--"
"2022","Idaho","Asian","0**","2,552","0.00**","--","--"
"2022","Idaho","HI Native / Pacific Islander","--","482","--","--","--"
"2022","Idaho","More than One Race","--","8,495","--","--","--"
"2022","Illinois","White","51","861,105","5.92","--","2,469"
"2022","Illinois","Black","16**","182,637","8.76**","--","788"
"2022","Illinois","American Indian / Alaska Native","0**","9,905","0.00**","--","--"
"2022","Illinois","Asian","0**","63,866","0.00**","--","--"
"2022","Illinois","HI Native / Pacific Islander","0**","865","0.00**","--","--"
"2022","Illinois","More than One Race","--","47,931","--","--","--"
"2022","Indiana","White","42","525,434","7.99","--","2,058"
"2022","Indiana","Black","--","77,555","--","--","--"
"2022","Indiana","American Indian / Alaska Native","0**","3,413","0.00**","--","--"
"2022","Indiana","Asian","0**","18,214","0.00**","--","--"
"2022","Indiana","HI Native / Pacific Islander","0**","623","0.00**","--","--"
"2022","Indiana","More than One Race","--","29,961","--","--","--"
"2022","Iowa","White","23","264,522","8.70","--","1,114"
"2022","Iowa","Black","--","17,036","--","--","--"
"2022","Iowa","American Indian / Alaska Native","0**","2,177","0.00**","--","--"
"2022","Iowa","Asian","--","8,206","--","--","--"
"2022","Iowa","HI Native / Pacific Islander","0**","913","0.00**","--","--"
"2022","Iowa","More than One Race","--","13,284","--","--","--"
"2022","Kansas","White","21","240,572","8.73","--","1,016"
"2022","Kansas","Black","--","19,326","--","--","--"
"2022","Kansas","American Indian / Alaska Native","--","3,856","--","--","--"
"2022","Kansas","Asian","--","8,380","--","--","--"
"2022","Kansas","HI Native / Pacific Islander","0**","471","0.00**","--","--"
"2022","Kansas","More than One Race","0**","18,017","0.00**","--","--"
"2022","Kentucky","White","31","346,107","8.96","--","1,529"
"2022","Kentucky","Black","--","41,336","--","--","--"
"2022","Kentucky","American Indian / Alaska Native","0**","1,365","0.00**","--","--"
"2022","Kentucky","Asian","0**","7,733","0.00**","--","--"
"2022","Kentucky","HI Native / Pacific Islander","0**","627","0.00**","--","--"
"2022","Kentucky","More than One Race","--","18,328","--","--","--"
"2022","Louisiana","White","18**","248,104","7.26**","--","887"
"2022","Louisiana","Black","--","160,493","--","--","--"
"2022","Louisiana","American Indian / Alaska Native","0**","3,652","0.00**","--","--"
"2022","Louisiana","Asian","0**","7,515","0.00**","--","--"
"2022","Louisiana","HI Native / Pacific Islander","0**","254","0.00**","--","--"
"2022","Louisiana","More than One Race","--","14,430","--","--","--"
"2022","Maine","White","--","98,700","--","--","--"
"2022","Maine","Black","0**","3,451","0.00**","--","--"
"2022","Maine","American Indian / Alaska Native","--","911","--","--","--"
"2022","Maine","Asian","0**","1,705","0.00**","--","--"
"2022","Maine","HI Native / Pacific Islander","0**","54","0.00**","--","--"
"2022","Maine","More than One Race","0**","4,384","0.00**","--","--"
"2022","Maryland","White","18**","301,314","5.97**","--","880"
"2022","Maryland","Black","13**","183,075","7.10**","--","638"
"2022","Maryland","American Indian / Alaska Native","0**","4,665","0.00**","--","--"
"2022","Maryland","Asian","--","37,378","--","--","--"
"2022","Maryland","HI Native / Pacific Islander","0**","683","0.00**","--","--"
"2022","Maryland","More than One Race","--","33,560","--","--","--"
"2022","Massachusetts","White","18**","439,819","4.09**","--","879"
"2022","Massachusetts","Black","--","66,099","--","--","--"
"2022","Massachusetts","American Indian / Alaska Native","0**","3,953","0.00**","--","--"
"2022","Massachusetts","Asian","--","45,127","--","--","--"
"2022","Massachusetts","HI Native / Pacific Islander","0**","814","0.00**","--","--"
"2022","Massachusetts","More than One Race","--","29,309","--","--","--"
"2022","Michigan","White","42","667,020","6.30","--","2,060"
"2022","Michigan","Black","--","141,845","--","--","--"
"2022","Michigan","American Indian / Alaska Native","--","7,383","--","--","--"
"2022","Michigan","Asian","--","32,029","--","--","--"
"2022","Michigan","HI Native / Pacific Islander","0**","409","0.00**","--","--"
"2022","Michigan","More than One Race","--","48,868","--","--","--"
"2022","Minnesota","White","32","406,518","7.87","--","1,568"
"2022","Minnesota","Black","--","56,424","--","--","--"
"2022","Minnesota","American Indian / Alaska Native","--","10,128","--","--","--"
"2022","Minnesota","Asian","0**","33,133","0.00**","--","--"
"2022","Minnesota","HI Native / Pacific Islander","0**","517","0.00**","--","--"
"2022","Minnesota","More than One Race","--","31,124","--","--","--"
"2022","Mississippi","White","11**","155,496","7.07**","--","538"
"2022","Mississippi","Black","--","123,065","--","--","--"
"2022","Mississippi","American Indian / Alaska Native","--","2,307","--","--","--"
"2022","Mississippi","Asian","0**","3,016","0.00**","--","--"
"2022","Mississippi","HI Native / Pacific Islander","0**","222","0.00**","--","--"
"2022","Mississippi","More than One Race","--","7,576","--","--","--"
"2022","Missouri","White","42","447,158","9.39","--","2,059"
"2022","Missouri","Black","--","76,058","--","--","--"
"2022","Missouri","American Indian / Alaska Native","--","3,228","--","--","--"
"2022","Missouri","Asian","--","12,413","--","--","--"
"2022","Missouri","HI Native / Pacific Islander","0**","1,576","0.00**","--","--"
"2022","Missouri","More than One Race","--","28,292","--","--","--"
"2022","Montana","White","21","81,376","25.81","--","1,026"
"2022","Montana","Black","0**","666","0.00**","--","--"
"2022","Montana","American Indian / Alaska Native","--","9,753","--","--","--"
"2022","Montana","Asian","0**","901","0.00**","--","--"
"2022","Montana","HI Native / Pacific Islander","0**","138","0.00**","--","--"
"2022","Montana","More than One Race","0**","5,205","0.00**","--","--"
"2022","Nebraska","White","17**","164,097","10.36**","--","823"
"2022","Nebraska","Black","0**","12,532","0.00**","--","--"
"2022","Nebraska","American Indian / Alaska Native","0**","4,023","0.00**","--","--"
"2022","Nebraska","Asian","0**","5,215","0.00**","--","--"
"2022","Nebraska","HI Native / Pacific Islander","0**","351","0.00**","--","--"
"2022","Nebraska","More than One Race","0**","9,417","0.00**","--","--"
"2022","Nevada","White","17**","196,751","8.64**","--","833"
"2022","Nevada","Black","--","34,881","--","--","--"
"2022","Nevada","American Indian / Alaska Native","0**","5,485","0.00**","--","--"
"2022","Nevada","Asian","--","20,186","--","--","--"
"2022","Nevada","HI Native / Pacific Islander","--","2,811","--","--","--"
"2022","Nevada","More than One Race","0**","24,316","0.00**","--","--"
"2022","New Hampshire","White","--","100,486","--","--","--"
"2022","New Hampshire","Black","0**","3,018","0.00**","--","--"
"2022","New Hampshire","American Indian / Alaska Native","0**","337","0.00**","--","--"
"2022","New Hampshire","Asian","0**","3,882","0.00**","--","--"
"2022","New Hampshire","HI Native / Pacific Islander","0**","63","0.00**","--","--"
"2022","New Hampshire","More than One Race","0**","4,216","0.00**","--","--"
"2022","New Jersey","White","21","568,041","3.70","--","1,026"
"2022","New Jersey","Black","--","137,333","--","--","--"
"2022","New Jersey","American Indian / Alaska Native","0**","7,287","0.00**","--","--"
"2022","New Jersey","Asian","--","83,614","--","--","--"
"2022","New Jersey","HI Native / Pacific Islander","0**","1,102","0.00**","--","--"
"2022","New Jersey","More than One Race","--","35,585","--","--","--"
"2022","New Mexico","White","14**","153,605","9.11**","--","670"
"2022","New Mexico","Black","--","6,149","--","--","--"
"2022","New Mexico","American Indian / Alaska Native","--","27,394","--","--","--"
"2022","New Mexico","Asian","0**","3,255","0.00**","--","--"
"2022","New Mexico","HI Native / Pacific Islander","0**","375","0.00**","--","--"
"2022","New Mexico","More than One Race","0**","8,910","0.00**","--","--"
"2022","New York","White","46","1,096,498","4.20","--","2,251"
"2022","New York","Black","13**","312,444","4.16**","--","635"
"2022","New York","American Indian / Alaska Native","0**","20,719","0.00**","--","--"
"2022","New York","Asian","--","137,184","--","--","--"
"2022","New York","HI Native / Pacific Islander","0**","2,558","0.00**","--","--"
"2022","New York","More than One Race","0**","76,649","0.00**","--","--"
"2022","North Carolina","White","45","642,402","7.01","--","2,225"
"2022","North Carolina","Black","14**","235,489","5.95**","--","681"
"2022","North Carolina","American Indian / Alaska Native","0**","17,815","0.00**","--","--"
"2022","North Carolina","Asian","--","34,226","--","--","--"
"2022","North Carolina","HI Native / Pacific Islander","0**","1,671","0.00**","--","--"
"2022","North Carolina","More than One Race","--","47,686","--","--","--"
"2022","North Dakota","White","--","58,928","--","--","--"
"2022","North Dakota","Black","0**","2,739","0.00**","--","--"
"2022","North Dakota","American Indian / Alaska Native","0**","5,692","0.00**","--","--"
"2022","North Dakota","Asian","0**","953","0.00**","--","--"
"2022","North Dakota","HI Native / Pacific Islander","0**","68","0.00**","--","--"
"2022","North Dakota","More than One Race","0**","3,175","0.00**","--","--"
"2022","Ohio","White","62","813,231","7.62","--","3,058"
"2022","Ohio","Black","21","166,440","12.62","--","1,027"
"2022","Ohio","American Indian / Alaska Native","0**","3,144","0.00**","--","--"
"2022","Ohio","Asian","--","27,966","--","--","--"
"2022","Ohio","HI Native / Pacific Islander","0**","952","0.00**","--","--"
"2022","Ohio","More than One Race","0**","57,278","0.00**","--","--"
"2022","Oklahoma","White","18**","264,476","6.81**","--","881"
"2022","Oklahoma","Black","--","33,295","--","--","--"
"2022","Oklahoma","American Indian / Alaska Native","--","43,973","--","--","--"
"2022","Oklahoma","Asian","0**","8,966","0.00**","--","--"
"2022","Oklahoma","HI Native / Pacific Islander","0**","1,196","0.00**","--","--"
"2022","Oklahoma","More than One Race","--","42,535","--","--","--"
"2022","Oregon","White","29","295,359","9.82","--","1,406"
"2022","Oregon","Black","--","9,849","--","--","--"
"2022","Oregon","American Indian / Alaska Native","0**","7,990","0.00**","--","--"
"2022","Oregon","Asian","--","15,821","--","--","--"
"2022","Oregon","HI Native / Pacific Islander","0**","2,168","0.00**","--","--"
"2022","Oregon","More than One Race","--","26,361","--","--","--"
"2022","Pennsylvania","White","52","848,585","6.13","--","2,562"
"2022","Pennsylvania","Black","--","165,781","--","--","--"
"2022","Pennsylvania","American Indian / Alaska Native","0**","5,761","0.00**","--","--"
"2022","Pennsylvania","Asian","--","47,688","--","--","--"
"2022","Pennsylvania","HI Native / Pacific Islander","0**","1,110","0.00**","--","--"
"2022","Pennsylvania","More than One Race","--","54,097","--","--","--"
"2022","Rhode Island","White","--","69,673","--","--","--"
"2022","Rhode Island","Black","0**","10,006","0.00**","--","--"
"2022","Rhode Island","American Indian / Alaska Native","0**","1,291","0.00**","--","--"
"2022","Rhode Island","Asian","0**","3,441","0.00**","--","--"
"2022","Rhode Island","HI Native / Pacific Islander","0**","191","0.00**","--","--"
"2022","Rhode Island","More than One Race","0**","5,448","0.00**","--","--"
"2022","South Carolina","White","24","302,702","7.93","--","1,172"
"2022","South Carolina","Black","--","142,877","--","--","--"
"2022","South Carolina","American Indian / Alaska Native","0**","3,175","0.00**","--","--"
"2022","South Carolina","Asian","--","8,647","--","--","--"
"2022","South Carolina","HI Native / Pacific Islander","0**","691","0.00**","--","--"
"2022","South Carolina","More than One Race","0**","20,738","0.00**","--","--"
"2022","South Dakota","White","--","68,353","--","--","--"
"2022","South Dakota","Black","0**","2,666","0.00**","--","--"
"2022","South Dakota","American Indian / Alaska Native","--","11,046","--","--","--"
"2022","South Dakota","Asian","0**","1,366","0.00**","--","--"
"2022","South Dakota","HI Native / Pacific Islander","0**","75","0.00**","--","--"
"2022","South Dakota","More than One Race","--","4,462","--","--","--"
"2022","Tennessee","White","38","475,323","8.00","--","1,867"
"2022","Tennessee","Black","10**","119,646","8.36**","--","482"
"2022","Tennessee","American Indian / Alaska Native","0**","3,661","0.00**","--","--"
"2022","Tennessee","Asian","--","12,728","--","--","--"
"2022","Tennessee","HI Native / Pacific Islander","0**","940","0.00**","--","--"
"2022","Tennessee","More than One Race","--","26,681","--","--","--"
"2022","Texas","White","188","2,352,968","7.99","--","9,191"
"2022","Texas","Black","34","425,571","7.99","--","1,651"
"2022","Texas","American Indian / Alaska Native","--","35,547","--","--","--"
"2022","Texas","Asian","--","151,166","--","--","--"
"2022","Texas","HI Native / Pacific Islander","0**","5,225","0.00**","--","--"
"2022","Texas","More than One Race","0**","107,963","0.00**","--","--"
"2022","Utah","White","46","355,244","12.95","--","2,260"
"2022","Utah","Black","0**","6,741","0.00**","--","--"
"2022","Utah","American Indian / Alaska Native","--","6,141","--","--","--"
"2022","Utah","Asian","0**","7,241","0.00**","--","--"
"2022","Utah","HI Native / Pacific Islander","0**","5,057","0.00**","--","--"
"2022","Utah","More than One Race","--","16,578","--","--","--"
"2022","Vermont","White","--","47,208","--","--","--"
"2022","Vermont","Black","0**","1,070","0.00**","--","--"
"2022","Vermont","American Indian / Alaska Native","0**","185","0.00**","--","--"
"2022","Vermont","Asian","0**","1,314","0.00**","--","--"
"2022","Vermont","HI Native / Pacific Islander","0**","25","0.00**","--","--"
"2022","Vermont","More than One Race","0**","2,332","0.00**","--","--"
"2022","Virginia","White","49","501,856","9.76","--","2,416"
"2022","Virginia","Black","15**","164,469","9.12**","--","719"
"2022","Virginia","American Indian / Alaska Native","0**","5,286","0.00**","--","--"
"2022","Virginia","Asian","--","55,659","--","--","--"
"2022","Virginia","HI Native / Pacific Islander","0**","986","0.00**","--","--"
"2022","Virginia","More than One Race","--","49,801","--","--","--"
"2022","Washington","White","39","492,905","7.91","--","1,927"
"2022","Washington","Black","--","33,321","--","--","--"
"2022","Washington","American Indian / Alaska Native","--","16,626","--","--","--"
"2022","Washington","Asian","--","56,843","--","--","--"
"2022","Washington","HI Native / Pacific Islander","--","7,481","--","--","--"
"2022","Washington","More than One Race","--","63,759","--","--","--"
"2022","West Virginia","White","--","136,840","--","--","--"
"2022","West Virginia","Black","0**","6,100","0.00**","--","--"
"2022","West Virginia","American Indian / Alaska Native","0**","374","0.00**","--","--"
"2022","West Virginia","Asian","0**","1,094","0.00**","--","--"
"2022","West Virginia","HI Native / Pacific Islander","0**","59","0.00**","--","--"
"2022","West Virginia","More than One Race","0**","6,519","0.00**","--","--"
"2022","Wisconsin","White","34","436,288","7.79","--","1,679"
"2022","Wisconsin","Black","--","47,337","--","--","--"
"2022","Wisconsin","American Indian / Alaska Native","--","8,318","--","--","--"
"2022","Wisconsin","Asian","--","20,353","--","--","--"
"2022","Wisconsin","HI Native / Pacific Islander","0**","340","0.00**","--","--"
"2022","Wisconsin","More than One Race","--","24,524","--","--","--"
"2022","Wyoming","White","--","51,005","--","--","--"
"2022","Wyoming","Black","0**","634","0.00**","--","--"
"2022","Wyoming","American Indian / Alaska Native","--","2,027","--","--","--"
"2022","Wyoming","Asian","0**","440","0.00**","--","--"
"2022","Wyoming","HI Native / Pacific Islander","0**","48","0.00**","--","--"
"2022","Wyoming","More than One Race","0**","2,090","0.00**","--","--"
"2021","Alabama","White","29","304,579","9.52","--","1,446"
"2021","Alabama","Black","11**","135,692","8.11**","--","536"
"2021","Alabama","American Indian / Alaska Native","0**","3,487","0.00**","--","--"
"2021","Alabama","Asian","0**","7,047","0.00**","--","--"
"2021","Alabama","HI Native / Pacific Islander","0**","791","0.00**","--","--"
"2021","Alabama","More than One Race","--","14,616","--","--","--"
"2021","Alaska","White","--","37,011","--","--","--"
"2021","Alaska","Black","0**","2,223","0.00**","--","--"
"2021","Alaska","American Indian / Alaska Native","12**","13,569","88.44**","--","588"
"2021","Alaska","Asian","0**","4,329","0.00**","--","--"
"2021","Alaska","HI Native / Pacific Islander","0**","1,548","0.00**","--","--"
"2021","Alaska","More than One Race","--","9,398","--","--","--"
"2021","Arizona","White","36","522,715","6.89","--","1,777"
"2021","Arizona","Black","--","42,902","--","--","--"
"2021","Arizona","American Indian / Alaska Native","--","45,343","--","--","--"
"2021","Arizona","Asian","--","23,308","--","--","--"
"2021","Arizona","HI Native / Pacific Islander","0**","2,112","0.00**","--","--"
"2021","Arizona","More than One Race","--","35,944","--","--","--"
"2021","Arkansas","White","17**","217,512","7.82**","--","845"
"2021","Arkansas","Black","--","51,336","--","--","--"
"2021","Arkansas","American Indian / Alaska Native","0**","3,171","0.00**","--","--"
"2021","Arkansas","Asian","0**","4,635","0.00**","--","--"
"2021","Arkansas","HI Native / Pacific Islander","0**","2,190","0.00**","--","--"
"2021","Arkansas","More than One Race","0**","11,187","0.00**","--","--"
"2021","California","White","117","2,572,359","4.55","--","5,760"
"2021","California","Black","10**","233,355","4.29**","--","499"
"2021","California","American Indian / Alaska Native","0**","73,374","0.00**","--","--"
"2021","California","Asian","17**","473,019","3.59**","--","829"
"2021","California","HI Native / Pacific Islander","--","19,423","--","--","--"
"2021","California","More than One Race","16**","239,644","6.68**","--","781"
"2021","Colorado","White","56","437,575","12.80","--","2,745"
"2021","Colorado","Black","--","26,390","--","--","--"
"2021","Colorado","American Indian / Alaska Native","--","9,666","--","--","--"
"2021","Colorado","Asian","--","17,711","--","--","--"
"2021","Colorado","HI Native / Pacific Islander","0**","1,285","0.00**","--","--"
"2021","Colorado","More than One Race","--","30,082","--","--","--"
"2021","Connecticut","White","--","240,518","--","--","--"
"2021","Connecticut","Black","--","47,928","--","--","--"
"2021","Connecticut","American Indian / Alaska Native","0**","2,313","0.00**","--","--"
"2021","Connecticut","Asian","0**","16,981","0.00**","--","--"
"2021","Connecticut","HI Native / Pacific Islander","0**","379","0.00**","--","--"
"2021","Connecticut","More than One Race","0**","16,377","0.00**","--","--"
"2021","Delaware","White","--","53,529","--","--","--"
"2021","Delaware","Black","--","24,731","--","--","--"
"2021","Delaware","American Indian / Alaska Native","0**","792","0.00**","--","--"
"2021","Delaware","Asian","0**","3,261","0.00**","--","--"
"2021","Delaware","HI Native / Pacific Islander","0**","105","0.00**","--","--"
"2021","Delaware","More than One Race","0**","5,338","0.00**","--","--"
"2021","District of Columbia","White","0**","14,019","0.00**","--","--"
"2021","District of Columbia","Black","--","25,142","--","--","--"
"2021","District of Columbia","American Indian / Alaska Native","0**","322","0.00**","--","--"
"2021","District of Columbia","Asian","0**","1,140","0.00**","--","--"
"2021","District of Columbia","HI Native / Pacific Islander","0**","82","0.00**","--","--"
"2021","District of Columbia","More than One Race","--","1,797","--","--","--"
"2021","Florida","White","71","1,241,580","5.72","--","3,475"
"2021","Florida","Black","18**","380,459","4.73**","--","886"
"2021","Florida","American Indian / Alaska Native","0**","10,635","0.00**","--","--"
"2021","Florida","Asian","--","54,119","--","--","--"
"2021","Florida","HI Native / Pacific Islander","0**","2,362","0.00**","--","--"
"2021","Florida","More than One Race","--","78,954","--","--","--"
"2021","Georgia","White","70","597,533","11.72","--","3,431"
"2021","Georgia","Black","27","375,390","7.19","--","1,338"
"2021","Georgia","American Indian / Alaska Native","0**","7,138","0.00**","--","--"
"2021","Georgia","Asian","--","44,611","--","--","--"
"2021","Georgia","HI Native / Pacific Islander","0**","1,546","0.00**","--","--"
"2021","Georgia","More than One Race","--","42,273","--","--","--"
"2021","Hawaii","White","0**","17,905","0.00**","--","--"
"2021","Hawaii","Black","0**","1,998","0.00**","--","--"
"2021","Hawaii","American Indian / Alaska Native","0**","300","0.00**","--","--"
"2021","Hawaii","Asian","--","32,347","--","--","--"
"2021","Hawaii","HI Native / Pacific Islander","--","15,483","--","--","--"
"2021","Hawaii","More than One Race","--","44,894","--","--","--"
"2021","Idaho","White","25","184,882","13.52","--","1,241"
"2021","Idaho","Black","0**","2,160","0.00**","--","--"
"2021","Idaho","American Indian / Alaska Native","0**","3,562","0.00**","--","--"
"2021","Idaho","Asian","0**","2,582","0.00**","--","--"
"2021","Idaho","HI Native / Pacific Islander","0**","491","0.00**","--","--"
"2021","Idaho","More than One Race","0**","8,152","0.00**","--","--"
"2021","Illinois","White","52","876,007","5.94","--","2,539"
"2021","Illinois","Black","15**","185,578","8.08**","--","738"
"2021","Illinois","American Indian / Alaska Native","0**","10,172","0.00**","--","--"
"2021","Illinois","Asian","--","63,826","--","--","--"
"2021","Illinois","HI Native / Pacific Islander","0**","863","0.00**","--","--"
"2021","Illinois","More than One Race","--","47,289","--","--","--"
"2021","Indiana","White","55","529,026","10.40","--","2,705"
"2021","Indiana","Black","--","76,916","--","--","--"
"2021","Indiana","American Indian / Alaska Native","0**","3,336","0.00**","--","--"
"2021","Indiana","Asian","--","17,373","--","--","--"
"2021","Indiana","HI Native / Pacific Islander","0**","610","0.00**","--","--"
"2021","Indiana","More than One Race","0**","29,001","0.00**","--","--"
"2021","Iowa","White","24","265,854","9.03","--","1,177"
"2021","Iowa","Black","--","16,668","--","--","--"
"2021","Iowa","American Indian / Alaska Native","--","2,071","--","--","--"
"2021","Iowa","Asian","--","8,174","--","--","--"
"2021","Iowa","HI Native / Pacific Islander","0**","807","0.00**","--","--"
"2021","Iowa","More than One Race","0**","12,777","0.00**","--","--"
"2021","Kansas","White","34","241,241","14.09","--","1,666"
"2021","Kansas","Black","--","19,380","--","--","--"
"2021","Kansas","American Indian / Alaska Native","0**","3,853","0.00**","--","--"
"2021","Kansas","Asian","0**","8,428","0.00**","--","--"
"2021","Kansas","HI Native / Pacific Islander","0**","435","0.00**","--","--"
"2021","Kansas","More than One Race","0**","17,657","0.00**","--","--"
"2021","Kentucky","White","24","347,491","6.91","--","1,172"
"2021","Kentucky","Black","--","41,012","--","--","--"
"2021","Kentucky","American Indian / Alaska Native","0**","1,315","0.00**","--","--"
"2021","Kentucky","Asian","--","7,675","--","--","--"
"2021","Kentucky","HI Native / Pacific Islander","0**","561","0.00**","--","--"
"2021","Kentucky","More than One Race","--","17,642","--","--","--"
"2021","Louisiana","White","23","249,902","9.20","--","1,136"
"2021","Louisiana","Black","14**","162,383","8.62**","--","675"
"2021","Louisiana","American Indian / Alaska Native","0**","3,593","0.00**","--","--"
"2021","Louisiana","Asian","0**","7,457","0.00**","--","--"
"2021","Louisiana","HI Native / Pacific Islander","0**","261","0.00**","--","--"
"2021","Louisiana","More than One Race","--","13,912","--","--","--"
"2021","Maine","White","--","99,014","--","--","--"
"2021","Maine","Black","--","3,334","--","--","--"
"2021","Maine","American Indian / Alaska Native","0**","906","0.00**","--","--"
"2021","Maine","Asian","0**","1,782","0.00**","--","--"
"2021","Maine","HI Native / Pacific Islander","0**","55","0.00**","--","--"
"2021","Maine","More than One Race","0**","4,254","0.00**","--","--"
"2021","Maryland","White","17**","303,668","5.60**","--","839"
"2021","Maryland","Black","15**","182,768","8.21**","--","733"
"2021","Maryland","American Indian / Alaska Native","0**","4,283","0.00**","--","--"
"2021","Maryland","Asian","--","37,012","--","--","--"
"2021","Maryland","HI Native / Pacific Islander","0**","624","0.00**","--","--"
"2021","Maryland","More than One Race","--","32,734","--","--","--"
"2021","Massachusetts","White","17**","449,057","3.79**","--","834"
"2021","Massachusetts","Black","--","65,853","--","--","--"
"2021","Massachusetts","American Indian / Alaska Native","0**","3,941","0.00**","--","--"
"2021","Massachusetts","Asian","--","44,704","--","--","--"
"2021","Massachusetts","HI Native / Pacific Islander","0**","842","0.00**","--","--"
"2021","Massachusetts","More than One Race","--","28,527","--","--","--"
"2021","Michigan","White","52","673,740","7.72","--","2,544"
"2021","Michigan","Black","--","141,495","--","--","--"
"2021","Michigan","American Indian / Alaska Native","--","7,437","--","--","--"
"2021","Michigan","Asian","--","32,047","--","--","--"
"2021","Michigan","HI Native / Pacific Islander","0**","403","0.00**","--","--"
"2021","Michigan","More than One Race","--","47,563","--","--","--"
"2021","Minnesota","White","24","411,229","5.84","--","1,173"
"2021","Minnesota","Black","--","54,589","--","--","--"
"2021","Minnesota","American Indian / Alaska Native","--","9,814","--","--","--"
"2021","Minnesota","Asian","--","32,871","--","--","--"
"2021","Minnesota","HI Native / Pacific Islander","0**","504","0.00**","--","--"
"2021","Minnesota","More than One Race","--","30,355","--","--","--"
"2021","Mississippi","White","12**","156,460","7.67**","--","590"
"2021","Mississippi","Black","--","123,970","--","--","--"
"2021","Mississippi","American Indian / Alaska Native","0**","2,298","0.00**","--","--"
"2021","Mississippi","Asian","0**","3,035","0.00**","--","--"
"2021","Mississippi","HI Native / Pacific Islander","0**","206","0.00**","--","--"
"2021","Mississippi","More than One Race","0**","7,325","0.00**","--","--"
"2021","Missouri","White","44","447,973","9.82","--","2,155"
"2021","Missouri","Black","--","76,597","--","--","--"
"2021","Missouri","American Indian / Alaska Native","0**","3,212","0.00**","--","--"
"2021","Missouri","Asian","--","12,480","--","--","--"
"2021","Missouri","HI Native / Pacific Islander","0**","1,447","0.00**","--","--"
"2021","Missouri","More than One Race","--","27,241","--","--","--"
"2021","Montana","White","24","80,425","29.84","--","1,183"
"2021","Montana","Black","0**","683","0.00**","--","--"
"2021","Montana","American Indian / Alaska Native","--","9,670","--","--","--"
"2021","Montana","Asian","0**","878","0.00**","--","--"
"2021","Montana","HI Native / Pacific Islander","0**","93","0.00**","--","--"
"2021","Montana","More than One Race","--","5,045","--","--","--"
"2021","Nebraska","White","17**","164,345","10.34**","--","833"
"2021","Nebraska","Black","--","12,310","--","--","--"
"2021","Nebraska","American Indian / Alaska Native","--","3,915","--","--","--"
"2021","Nebraska","Asian","0**","5,196","0.00**","--","--"
"2021","Nebraska","HI Native / Pacific Islander","0**","340","0.00**","--","--"
"2021","Nebraska","More than One Race","0**","9,052","0.00**","--","--"
"2021","Nevada","White","18**","197,692","9.11**","--","880"
"2021","Nevada","Black","--","33,660","--","--","--"
"2021","Nevada","American Indian / Alaska Native","--","5,342","--","--","--"
"2021","Nevada","Asian","--","19,872","--","--","--"
"2021","Nevada","HI Native / Pacific Islander","0**","2,741","0.00**","--","--"
"2021","Nevada","More than One Race","--","23,277","--","--","--"
"2021","New Hampshire","White","--","101,728","--","--","--"
"2021","New Hampshire","Black","0**","2,890","0.00**","--","--"
"2021","New Hampshire","American Indian / Alaska Native","0**","326","0.00**","--","--"
"2021","New Hampshire","Asian","0**","3,790","0.00**","--","--"
"2021","New Hampshire","HI Native / Pacific Islander","0**","65","0.00**","--","--"
"2021","New Hampshire","More than One Race","0**","4,173","0.00**","--","--"
"2021","New Jersey","White","16**","575,846","2.78**","--","784"
"2021","New Jersey","Black","--","136,646","--","--","--"
"2021","New Jersey","American Indian / Alaska Native","0**","7,007","0.00**","--","--"
"2021","New Jersey","Asian","--","83,344","--","--","--"
"2021","New Jersey","HI Native / Pacific Islander","0**","1,085","0.00**","--","--"
"2021","New Jersey","More than One Race","0**","34,510","0.00**","--","--"
"2021","New Mexico","White","21","155,103","13.54","--","1,036"
"2021","New Mexico","Black","0**","6,131","0.00**","--","--"
"2021","New Mexico","American Indian / Alaska Native","--","27,147","--","--","--"
"2021","New Mexico","Asian","--","3,192","--","--","--"
"2021","New Mexico","HI Native / Pacific Islander","0**","371","0.00**","--","--"
"2021","New Mexico","More than One Race","0**","8,696","0.00**","--","--"
"2021","New York","White","46","1,115,467","4.12","--","2,250"
"2021","New York","Black","10**","318,286","3.14**","--","482"
"2021","New York","American Indian / Alaska Native","0**","20,865","0.00**","--","--"
"2021","New York","Asian","--","138,273","--","--","--"
"2021","New York","HI Native / Pacific Islander","0**","2,588","0.00**","--","--"
"2021","New York","More than One Race","0**","74,740","0.00**","--","--"
"2021","North Carolina","White","54","644,336","8.38","--","2,654"
"2021","North Carolina","Black","15**","233,492","6.42**","--","744"
"2021","North Carolina","American Indian / Alaska Native","--","17,744","--","--","--"
"2021","North Carolina","Asian","--","33,207","--","--","--"
"2021","North Carolina","HI Native / Pacific Islander","--","1,572","--","--","--"
"2021","North Carolina","More than One Race","--","46,006","--","--","--"
"2021","North Dakota","White","--","58,457","--","--","--"
"2021","North Dakota","Black","0**","2,614","0.00**","--","--"
"2021","North Dakota","American Indian / Alaska Native","0**","5,618","0.00**","--","--"
"2021","North Dakota","Asian","0**","984","0.00**","--","--"
"2021","North Dakota","HI Native / Pacific Islander","0**","50","0.00**","--","--"
"2021","North Dakota","More than One Race","0**","3,063","0.00**","--","--"
"2021","Ohio","White","52","821,721","6.33","--","2,570"
"2021","Ohio","Black","15**","164,560","9.12**","--","745"
"2021","Ohio","American Indian / Alaska Native","0**","3,026","0.00**","--","--"
"2021","Ohio","Asian","--","27,222","--","--","--"
"2021","Ohio","HI Native / Pacific Islander","0**","939","0.00**","--","--"
"2021","Ohio","More than One Race","--","55,361","--","--","--"
"2021","Oklahoma","White","20**","263,119","7.60**","--","992"
"2021","Oklahoma","Black","--","33,236","--","--","--"
"2021","Oklahoma","American Indian / Alaska Native","17**","43,810","38.80**","--","839"
"2021","Oklahoma","Asian","--","8,630","--","--","--"
"2021","Oklahoma","HI Native / Pacific Islander","0**","1,130","0.00**","--","--"
"2021","Oklahoma","More than One Race","--","41,200","--","--","--"
"2021","Oregon","White","21","298,497","7.04","--","1,027"
"2021","Oregon","Black","--","9,748","--","--","--"
"2021","Oregon","American Indian / Alaska Native","--","7,965","--","--","--"
"2021","Oregon","Asian","0**","16,016","0.00**","--","--"
"2021","Oregon","HI Native / Pacific Islander","0**","2,164","0.00**","--","--"
"2021","Oregon","More than One Race","--","25,969","--","--","--"
"2021","Pennsylvania","White","67","860,729","7.78","--","3,307"
"2021","Pennsylvania","Black","--","165,288","--","--","--"
"2021","Pennsylvania","American Indian / Alaska Native","0**","5,587","0.00**","--","--"
"2021","Pennsylvania","Asian","--","47,236","--","--","--"
"2021","Pennsylvania","HI Native / Pacific Islander","0**","1,040","0.00**","--","--"
"2021","Pennsylvania","More than One Race","--","52,186","--","--","--"
"2021","Rhode Island","White","--","71,338","--","--","--"
"2021","Rhode Island","Black","--","9,982","--","--","--"
"2021","Rhode Island","American Indian / Alaska Native","0**","1,243","0.00**","--","--"
"2021","Rhode Island","Asian","0**","3,490","0.00**","--","--"
"2021","Rhode Island","HI Native / Pacific Islander","0**","188","0.00**","--","--"
"2021","Rhode Island","More than One Race","0**","5,464","0.00**","--","--"
"2021","South Carolina","White","31","298,740","10.38","--","1,514"
"2021","South Carolina","Black","--","141,453","--","--","--"
"2021","South Carolina","American Indian / Alaska Native","0**","3,077","0.00**","--","--"
"2021","South Carolina","Asian","--","8,471","--","--","--"
"2021","South Carolina","HI Native / Pacific Islander","--","637","--","--","--"
"2021","South Carolina","More than One Race","--","19,482","--","--","--"
"2021","South Dakota","White","--","67,412","--","--","--"
"2021","South Dakota","Black","0**","2,445","0.00**","--","--"
"2021","South Dakota","American Indian / Alaska Native","11**","11,050","99.55**","--","532"
"2021","South Dakota","Asian","0**","1,327","0.00**","--","--"
"2021","South Dakota","HI Native / Pacific Islander","0**","68","0.00**","--","--"
"2021","South Dakota","More than One Race","0**","4,230","0.00**","--","--"
"2021","Tennessee","White","47","472,895","9.94","--","2,314"
"2021","Tennessee","Black","--","119,429","--","--","--"
"2021","Tennessee","American Indian / Alaska Native","0**","3,537","0.00**","--","--"
"2021","Tennessee","Asian","0**","12,611","0.00**","--","--"
"2021","Tennessee","HI Native / Pacific Islander","0**","892","0.00**","--","--"
"2021","Tennessee","More than One Race","--","25,441","--","--","--"
"2021","Texas","White","191","2,341,415","8.16","--","9,426"
"2021","Texas","Black","30","416,534","7.20","--","1,464"
"2021","Texas","American Indian / Alaska Native","--","35,101","--","--","--"
"2021","Texas","Asian","--","146,623","--","--","--"
"2021","Texas","HI Native / Pacific Islander","0**","5,077","0.00**","--","--"
"2021","Texas","More than One Race","--","102,150","--","--","--"
"2021","Utah","White","31","353,919","8.76","--","1,514"
"2021","Utah","Black","--","6,617","--","--","--"
"2021","Utah","American Indian / Alaska Native","0**","6,008","0.00**","--","--"
"2021","Utah","Asian","--","7,345","--","--","--"
"2021","Utah","HI Native / Pacific Islander","--","4,910","--","--","--"
"2021","Utah","More than One Race","--","15,970","--","--","--"
"2021","Vermont","White","--","47,924","--","--","--"
"2021","Vermont","Black","0**","1,023","0.00**","--","--"
"2021","Vermont","American Indian / Alaska Native","0**","182","0.00**","--","--"
"2021","Vermont","Asian","0**","1,369","0.00**","--","--"
"2021","Vermont","HI Native / Pacific Islander","0**","25","0.00**","--","--"
"2021","Vermont","More than One Race","0**","2,259","0.00**","--","--"
"2021","Virginia","White","40","505,057","7.92","--","1,965"
"2021","Virginia","Black","--","164,659","--","--","--"
"2021","Virginia","American Indian / Alaska Native","0**","5,098","0.00**","--","--"
"2021","Virginia","Asian","--","55,222","--","--","--"
"2021","Virginia","HI Native / Pacific Islander","0**","981","0.00**","--","--"
"2021","Virginia","More than One Race","--","48,439","--","--","--"
"2021","Washington","White","53","494,872","10.71","--","2,610"
"2021","Washington","Black","--","32,595","--","--","--"
"2021","Washington","American Indian / Alaska Native","--","15,987","--","--","--"
"2021","Washington","Asian","--","56,013","--","--","--"
"2021","Washington","HI Native / Pacific Islander","0**","7,276","0.00**","--","--"
"2021","Washington","More than One Race","--","61,803","--","--","--"
"2021","West Virginia","White","15**","137,926","10.88**","--","749"
"2021","West Virginia","Black","0**","5,973","0.00**","--","--"
"2021","West Virginia","American Indian / Alaska Native","0**","336","0.00**","--","--"
"2021","West Virginia","Asian","0**","1,083","0.00**","--","--"
"2021","West Virginia","HI Native / Pacific Islander","0**","56","0.00**","--","--"
"2021","West Virginia","More than One Race","0**","6,303","0.00**","--","--"
"2021","Wisconsin","White","42","438,855","9.57","--","2,048"
"2021","Wisconsin","Black","--","47,229","--","--","--"
"2021","Wisconsin","American Indian / Alaska Native","--","8,201","--","--","--"
"2021","Wisconsin","Asian","--","20,012","--","--","--"
"2021","Wisconsin","HI Native / Pacific Islander","--","328","--","--","--"
"2021","Wisconsin","More than One Race","--","23,683","--","--","--"
"2021","Wyoming","White","14**","50,667","27.63**","--","683"
"2021","Wyoming","Black","0**","615","0.00**","--","--"
"2021","Wyoming","American Indian / Alaska Native","0**","2,016","0.00**","--","--"
"2021","Wyoming","Asian","0**","433","0.00**","--","--"
"2021","Wyoming","HI Native / Pacific Islander","0**","53","0.00**","--","--"
"2021","Wyoming","More than One Race","0**","2,026","0.00**","--","--"
"2020","Alabama","White","18**","301,955","5.96**","--","888"
"2020","Alabama","Black","--","134,941","--","--","--"
"2020","Alabama","American Indian / Alaska Native","0**","3,493","0.00**","--","--"
"2020","Alabama","Asian","0**","7,134","0.00**","--","--"
"2020","Alabama","HI Native / Pacific Islander","0**","784","0.00**","--","--"
"2020","Alabama","More than One Race","0**","13,849","0.00**","--","--"
"2020","Alaska","White","--","37,006","--","--","--"
"2020","Alaska","Black","0**","2,290","0.00**","--","--"
"2020","Alaska","American Indian / Alaska Native","--","13,419","--","--","--"
"2020","Alaska","Asian","--","4,485","--","--","--"
"2020","Alaska","HI Native / Pacific Islander","0**","1,499","0.00**","--","--"
"2020","Alaska","More than One Race","--","9,129","--","--","--"
"2020","Arizona","White","46","522,132","8.81","--","2,272"
"2020","Arizona","Black","--","41,607","--","--","--"
"2020","Arizona","American Indian / Alaska Native","12**","44,749","26.82**","--","584"
"2020","Arizona","Asian","0**","23,068","0.00**","--","--"
"2020","Arizona","HI Native / Pacific Islander","--","2,104","--","--","--"
"2020","Arizona","More than One Race","--","34,509","--","--","--"
"2020","Arkansas","White","25","215,896","11.58","--","1,217"
"2020","Arkansas","Black","--","51,367","--","--","--"
"2020","Arkansas","American Indian / Alaska Native","0**","3,125","0.00**","--","--"
"2020","Arkansas","Asian","--","4,533","--","--","--"
"2020","Arkansas","HI Native / Pacific Islander","0**","2,078","0.00**","--","--"
"2020","Arkansas","More than One Race","0**","10,664","0.00**","--","--"
"2020","California","White","115","2,608,211","4.41","--","5,654"
"2020","California","Black","18**","235,770","7.64**","--","897"
"2020","California","American Indian / Alaska Native","0**","73,403","0.00**","--","--"
"2020","California","Asian","18**","478,804","3.76**","--","880"
"2020","California","HI Native / Pacific Islander","0**","19,482","0.00**","--","--"
"2020","California","More than One Race","17**","236,265","7.20**","--","831"
"2020","Colorado","White","72","440,384","16.35","--","3,529"
"2020","Colorado","Black","--","26,379","--","--","--"
"2020","Colorado","American Indian / Alaska Native","0**","9,635","0.00**","--","--"
"2020","Colorado","Asian","--","18,163","--","--","--"
"2020","Colorado","HI Native / Pacific Islander","--","1,226","--","--","--"
"2020","Colorado","More than One Race","--","29,380","--","--","--"
"2020","Connecticut","White","--","242,820","--","--","--"
"2020","Connecticut","Black","--","47,045","--","--","--"
"2020","Connecticut","American Indian / Alaska Native","0**","2,247","0.00**","--","--"
"2020","Connecticut","Asian","0**","16,804","0.00**","--","--"
"2020","Connecticut","HI Native / Pacific Islander","0**","368","0.00**","--","--"
"2020","Connecticut","More than One Race","0**","15,784","0.00**","--","--"
"2020","Delaware","White","--","53,472","--","--","--"
"2020","Delaware","Black","--","24,059","--","--","--"
"2020","Delaware","American Indian / Alaska Native","0**","776","0.00**","--","--"
"2020","Delaware","Asian","0**","3,202","0.00**","--","--"
"2020","Delaware","HI Native / Pacific Islander","0**","104","0.00**","--","--"
"2020","Delaware","More than One Race","--","5,114","--","--","--"
"2020","District of Columbia","White","--","11,769","--","--","--"
"2020","District of Columbia","Black","0**","24,254","0.00**","--","--"
"2020","District of Columbia","American Indian / Alaska Native","0**","302","0.00**","--","--"
"2020","District of Columbia","Asian","0**","957","0.00**","--","--"
"2020","District of Columbia","HI Native / Pacific Islander","0**","77","0.00**","--","--"
"2020","District of Columbia","More than One Race","0**","1,592","0.00**","--","--"
"2020","Florida","White","85","1,232,173","6.90","--","4,179"
"2020","Florida","Black","18**","376,767","4.78**","--","871"
"2020","Florida","American Indian / Alaska Native","--","10,387","--","--","--"
"2020","Florida","Asian","--","53,026","--","--","--"
"2020","Florida","HI Native / Pacific Islander","0**","2,270","0.00**","--","--"
"2020","Florida","More than One Race","--","75,191","--","--","--"
"2020","Georgia","White","48","598,857","8.02","--","2,351"
"2020","Georgia","Black","22","372,753","5.90","--","1,087"
"2020","Georgia","American Indian / Alaska Native","0**","7,007","0.00**","--","--"
"2020","Georgia","Asian","--","43,779","--","--","--"
"2020","Georgia","HI Native / Pacific Islander","0**","1,510","0.00**","--","--"
"2020","Georgia","More than One Race","--","40,349","--","--","--"
"2020","Hawaii","White","0**","17,492","0.00**","--","--"
"2020","Hawaii","Black","0**","2,027","0.00**","--","--"
"2020","Hawaii","American Indian / Alaska Native","0**","309","0.00**","--","--"
"2020","Hawaii","Asian","--","32,807","--","--","--"
"2020","Hawaii","HI Native / Pacific Islander","0**","15,461","0.00**","--","--"
"2020","Hawaii","More than One Race","--","44,719","--","--","--"
"2020","Idaho","White","27","180,268","14.98","--","1,328"
"2020","Idaho","Black","0**","2,158","0.00**","--","--"
"2020","Idaho","American Indian / Alaska Native","--","3,489","--","--","--"
"2020","Idaho","Asian","--","2,561","--","--","--"
"2020","Idaho","HI Native / Pacific Islander","0**","487","0.00**","--","--"
"2020","Idaho","More than One Race","0**","7,634","0.00**","--","--"
"2020","Illinois","White","51","885,394","5.76","--","2,509"
"2020","Illinois","Black","12**","187,784","6.39**","--","585"
"2020","Illinois","American Indian / Alaska Native","0**","10,265","0.00**","--","--"
"2020","Illinois","Asian","--","63,353","--","--","--"
"2020","Illinois","HI Native / Pacific Islander","0**","853","0.00**","--","--"
"2020","Illinois","More than One Race","--","46,067","--","--","--"
"2020","Indiana","White","45","529,103","8.51","--","2,241"
"2020","Indiana","Black","--","76,059","--","--","--"
"2020","Indiana","American Indian / Alaska Native","0**","3,263","0.00**","--","--"
"2020","Indiana","Asian","--","16,880","--","--","--"
"2020","Indiana","HI Native / Pacific Islander","0**","600","0.00**","--","--"
"2020","Indiana","More than One Race","--","27,711","--","--","--"
"2020","Iowa","White","18**","264,680","6.80**","--","880"
"2020","Iowa","Black","--","16,279","--","--","--"
"2020","Iowa","American Indian / Alaska Native","--","2,032","--","--","--"
"2020","Iowa","Asian","0**","8,212","0.00**","--","--"
"2020","Iowa","HI Native / Pacific Islander","0**","678","0.00**","--","--"
"2020","Iowa","More than One Race","0**","12,204","0.00**","--","--"
"2020","Kansas","White","25","240,766","10.38","--","1,223"
"2020","Kansas","Black","--","19,311","--","--","--"
"2020","Kansas","American Indian / Alaska Native","--","3,884","--","--","--"
"2020","Kansas","Asian","0**","8,549","0.00**","--","--"
"2020","Kansas","HI Native / Pacific Islander","0**","426","0.00**","--","--"
"2020","Kansas","More than One Race","--","17,113","--","--","--"
"2020","Kentucky","White","21","347,653","6.04","--","1,046"
"2020","Kentucky","Black","--","40,604","--","--","--"
"2020","Kentucky","American Indian / Alaska Native","0**","1,287","0.00**","--","--"
"2020","Kentucky","Asian","0**","7,620","0.00**","--","--"
"2020","Kentucky","HI Native / Pacific Islander","0**","542","0.00**","--","--"
"2020","Kentucky","More than One Race","--","16,814","--","--","--"
"2020","Louisiana","White","24","249,882","9.61","--","1,181"
"2020","Louisiana","Black","--","162,857","--","--","--"
"2020","Louisiana","American Indian / Alaska Native","--","3,610","--","--","--"
"2020","Louisiana","Asian","0**","7,363","0.00**","--","--"
"2020","Louisiana","HI Native / Pacific Islander","0**","247","0.00**","--","--"
"2020","Louisiana","More than One Race","0**","13,359","0.00**","--","--"
"2020","Maine","White","--","99,011","--","--","--"
"2020","Maine","Black","0**","3,198","0.00**","--","--"
"2020","Maine","American Indian / Alaska Native","0**","893","0.00**","--","--"
"2020","Maine","Asian","0**","1,818","0.00**","--","--"
"2020","Maine","HI Native / Pacific Islander","0**","54","0.00**","--","--"
"2020","Maine","More than One Race","0**","4,051","0.00**","--","--"
"2020","Maryland","White","14**","305,292","4.59**","--","683"
"2020","Maryland","Black","12**","182,135","6.59**","--","598"
"2020","Maryland","American Indian / Alaska Native","0**","4,139","0.00**","--","--"
"2020","Maryland","Asian","--","36,349","--","--","--"
"2020","Maryland","HI Native / Pacific Islander","0**","583","0.00**","--","--"
"2020","Maryland","More than One Race","--","31,572","--","--","--"
"2020","Massachusetts","White","19**","453,781","4.19**","--","927"
"2020","Massachusetts","Black","--","65,420","--","--","--"
"2020","Massachusetts","American Indian / Alaska Native","0**","3,916","0.00**","--","--"
"2020","Massachusetts","Asian","--","43,923","--","--","--"
"2020","Massachusetts","HI Native / Pacific Islander","0**","848","0.00**","--","--"
"2020","Massachusetts","More than One Race","0**","27,671","0.00**","--","--"
"2020","Michigan","White","47","684,929","6.86","--","2,302"
"2020","Michigan","Black","--","142,066","--","--","--"
"2020","Michigan","American Indian / Alaska Native","--","7,504","--","--","--"
"2020","Michigan","Asian","--","32,662","--","--","--"
"2020","Michigan","HI Native / Pacific Islander","0**","418","0.00**","--","--"
"2020","Michigan","More than One Race","0**","46,155","0.00**","--","--"
"2020","Minnesota","White","25","411,497","6.08","--","1,220"
"2020","Minnesota","Black","--","53,153","--","--","--"
"2020","Minnesota","American Indian / Alaska Native","--","9,626","--","--","--"
"2020","Minnesota","Asian","0**","32,414","0.00**","--","--"
"2020","Minnesota","HI Native / Pacific Islander","0**","505","0.00**","--","--"
"2020","Minnesota","More than One Race","--","29,241","--","--","--"
"2020","Mississippi","White","--","155,925","--","--","--"
"2020","Mississippi","Black","--","123,782","--","--","--"
"2020","Mississippi","American Indian / Alaska Native","0**","2,270","0.00**","--","--"
"2020","Mississippi","Asian","0**","3,007","0.00**","--","--"
"2020","Mississippi","HI Native / Pacific Islander","0**","195","0.00**","--","--"
"2020","Mississippi","More than One Race","--","7,028","--","--","--"
"2020","Missouri","White","42","446,372","9.41","--","2,065"
"2020","Missouri","Black","--","76,457","--","--","--"
"2020","Missouri","American Indian / Alaska Native","0**","3,171","0.00**","--","--"
"2020","Missouri","Asian","0**","12,388","0.00**","--","--"
"2020","Missouri","HI Native / Pacific Islander","0**","1,381","0.00**","--","--"
"2020","Missouri","More than One Race","--","25,931","--","--","--"
"2020","Montana","White","--","78,794","--","--","--"
"2020","Montana","Black","0**","666","0.00**","--","--"
"2020","Montana","American Indian / Alaska Native","--","9,448","--","--","--"
"2020","Montana","Asian","0**","812","0.00**","--","--"
"2020","Montana","HI Native / Pacific Islander","0**","73","0.00**","--","--"
"2020","Montana","More than One Race","0**","4,798","0.00**","--","--"
"2020","Nebraska","White","13**","163,758","7.94**","--","637"
"2020","Nebraska","Black","--","12,126","--","--","--"
"2020","Nebraska","American Indian / Alaska Native","0**","3,883","0.00**","--","--"
"2020","Nebraska","Asian","0**","5,194","0.00**","--","--"
"2020","Nebraska","HI Native / Pacific Islander","0**","329","0.00**","--","--"
"2020","Nebraska","More than One Race","0**","8,622","0.00**","--","--"
"2020","Nevada","White","24","196,937","12.19","--","1,164"
"2020","Nevada","Black","--","32,654","--","--","--"
"2020","Nevada","American Indian / Alaska Native","0**","5,205","0.00**","--","--"
"2020","Nevada","Asian","0**","19,740","0.00**","--","--"
"2020","Nevada","HI Native / Pacific Islander","0**","2,688","0.00**","--","--"
"2020","Nevada","More than One Race","--","22,317","--","--","--"
"2020","New Hampshire","White","--","103,572","--","--","--"
"2020","New Hampshire","Black","0**","2,852","0.00**","--","--"
"2020","New Hampshire","American Indian / Alaska Native","0**","336","0.00**","--","--"
"2020","New Hampshire","Asian","0**","3,810","0.00**","--","--"
"2020","New Hampshire","HI Native / Pacific Islander","0**","63","0.00**","--","--"
"2020","New Hampshire","More than One Race","0**","4,134","0.00**","--","--"
"2020","New Jersey","White","26","582,435","4.46","--","1,266"
"2020","New Jersey","Black","--","136,438","--","--","--"
"2020","New Jersey","American Indian / Alaska Native","0**","6,752","0.00**","--","--"
"2020","New Jersey","Asian","--","82,252","--","--","--"
"2020","New Jersey","HI Native / Pacific Islander","0**","1,050","0.00**","--","--"
"2020","New Jersey","More than One Race","0**","33,250","0.00**","--","--"
"2020","New Mexico","White","26","155,781","16.69","--","1,284"
"2020","New Mexico","Black","--","6,077","--","--","--"
"2020","New Mexico","American Indian / Alaska Native","--","26,970","--","--","--"
"2020","New Mexico","Asian","0**","3,174","0.00**","--","--"
"2020","New Mexico","HI Native / Pacific Islander","0**","363","0.00**","--","--"
"2020","New Mexico","More than One Race","--","8,474","--","--","--"
"2020","New York","White","30","1,126,775","2.66","--","1,485"
"2020","New York","Black","--","324,200","--","--","--"
"2020","New York","American Indian / Alaska Native","0**","21,190","0.00**","--","--"
"2020","New York","Asian","--","138,353","--","--","--"
"2020","New York","HI Native / Pacific Islander","0**","2,602","0.00**","--","--"
"2020","New York","More than One Race","0**","72,683","0.00**","--","--"
"2020","North Carolina","White","48","640,763","7.49","--","2,362"
"2020","North Carolina","Black","--","230,350","--","--","--"
"2020","North Carolina","American Indian / Alaska Native","0**","17,611","0.00**","--","--"
"2020","North Carolina","Asian","--","31,939","--","--","--"
"2020","North Carolina","HI Native / Pacific Islander","0**","1,534","0.00**","--","--"
"2020","North Carolina","More than One Race","0**","43,913","0.00**","--","--"
"2020","North Dakota","White","--","57,368","--","--","--"
"2020","North Dakota","Black","--","2,516","--","--","--"
"2020","North Dakota","American Indian / Alaska Native","--","5,480","--","--","--"
"2020","North Dakota","Asian","0**","961","0.00**","--","--"
"2020","North Dakota","HI Native / Pacific Islander","0**","46","0.00**","--","--"
"2020","North Dakota","More than One Race","0**","2,882","0.00**","--","--"
"2020","Ohio","White","54","831,750","6.49","--","2,687"
"2020","Ohio","Black","11**","163,211","6.74**","--","530"
"2020","Ohio","American Indian / Alaska Native","0**","3,001","0.00**","--","--"
"2020","Ohio","Asian","--","27,140","--","--","--"
"2020","Ohio","HI Native / Pacific Islander","0**","918","0.00**","--","--"
"2020","Ohio","More than One Race","--","53,281","--","--","--"
"2020","Oklahoma","White","33","260,702","12.66","--","1,616"
"2020","Oklahoma","Black","0**","32,774","0.00**","--","--"
"2020","Oklahoma","American Indian / Alaska Native","15**","43,840","34.22**","--","732"
"2020","Oklahoma","Asian","--","8,491","--","--","--"
"2020","Oklahoma","HI Native / Pacific Islander","0**","1,059","0.00**","--","--"
"2020","Oklahoma","More than One Race","--","39,686","--","--","--"
"2020","Oregon","White","29","297,991","9.73","--","1,419"
"2020","Oregon","Black","--","9,626","--","--","--"
"2020","Oregon","American Indian / Alaska Native","0**","7,955","0.00**","--","--"
"2020","Oregon","Asian","--","16,255","--","--","--"
"2020","Oregon","HI Native / Pacific Islander","--","2,113","--","--","--"
"2020","Oregon","More than One Race","--","25,208","--","--","--"
"2020","Pennsylvania","White","44","861,039","5.11","--","2,159"
"2020","Pennsylvania","Black","--","163,330","--","--","--"
"2020","Pennsylvania","American Indian / Alaska Native","0**","5,515","0.00**","--","--"
"2020","Pennsylvania","Asian","--","45,996","--","--","--"
"2020","Pennsylvania","HI Native / Pacific Islander","0**","1,012","0.00**","--","--"
"2020","Pennsylvania","More than One Race","--","49,903","--","--","--"
"2020","Rhode Island","White","--","72,500","--","--","--"
"2020","Rhode Island","Black","0**","10,054","0.00**","--","--"
"2020","Rhode Island","American Indian / Alaska Native","0**","1,233","0.00**","--","--"
"2020","Rhode Island","Asian","0**","3,489","0.00**","--","--"
"2020","Rhode Island","HI Native / Pacific Islander","0**","193","0.00**","--","--"
"2020","Rhode Island","More than One Race","--","5,409","--","--","--"
"2020","South Carolina","White","38","294,479","12.90","--","1,852"
"2020","South Carolina","Black","--","139,859","--","--","--"
"2020","South Carolina","American Indian / Alaska Native","0**","3,000","0.00**","--","--"
"2020","South Carolina","Asian","0**","8,303","0.00**","--","--"
"2020","South Carolina","HI Native / Pacific Islander","--","614","--","--","--"
"2020","South Carolina","More than One Race","0**","18,281","0.00**","--","--"
"2020","South Dakota","White","--","66,170","--","--","--"
"2020","South Dakota","Black","0**","2,230","0.00**","--","--"
"2020","South Dakota","American Indian / Alaska Native","14**","10,932","128.06**","--","682"
"2020","South Dakota","Asian","0**","1,380","0.00**","--","--"
"2020","South Dakota","HI Native / Pacific Islander","0**","74","0.00**","--","--"
"2020","South Dakota","More than One Race","0**","4,021","0.00**","--","--"
"2020","Tennessee","White","35","471,043","7.43","--","1,732"
"2020","Tennessee","Black","--","119,207","--","--","--"
"2020","Tennessee","American Indian / Alaska Native","0**","3,506","0.00**","--","--"
"2020","Tennessee","Asian","0**","12,429","0.00**","--","--"
"2020","Tennessee","HI Native / Pacific Islander","0**","878","0.00**","--","--"
"2020","Tennessee","More than One Race","--","24,122","--","--","--"
"2020","Texas","White","197","2,324,476","8.48","--","9,681"
"2020","Texas","Black","30","408,488","7.34","--","1,483"
"2020","Texas","American Indian / Alaska Native","--","34,657","--","--","--"
"2020","Texas","Asian","11**","142,893","7.70**","--","540"
"2020","Texas","HI Native / Pacific Islander","--","4,921","--","--","--"
"2020","Texas","More than One Race","0**","96,975","0.00**","--","--"
"2020","Utah","White","52","348,518","14.92","--","2,550"
"2020","Utah","Black","0**","6,485","0.00**","--","--"
"2020","Utah","American Indian / Alaska Native","--","5,949","--","--","--"
"2020","Utah","Asian","0**","7,523","0.00**","--","--"
"2020","Utah","HI Native / Pacific Islander","0**","4,730","0.00**","--","--"
"2020","Utah","More than One Race","0**","15,293","0.00**","--","--"
"2020","Vermont","White","--","48,154","--","--","--"
"2020","Vermont","Black","0**","1,029","0.00**","--","--"
"2020","Vermont","American Indian / Alaska Native","0**","179","0.00**","--","--"
"2020","Vermont","Asian","--","1,417","--","--","--"
"2020","Vermont","HI Native / Pacific Islander","0**","24","0.00**","--","--"
"2020","Vermont","More than One Race","0**","2,141","0.00**","--","--"
"2020","Virginia","White","42","506,218","8.30","--","2,065"
"2020","Virginia","Black","--","164,512","--","--","--"
"2020","Virginia","American Indian / Alaska Native","0**","5,003","0.00**","--","--"
"2020","Virginia","Asian","--","54,464","--","--","--"
"2020","Virginia","HI Native / Pacific Islander","0**","945","0.00**","--","--"
"2020","Virginia","More than One Race","--","46,890","--","--","--"
"2020","Washington","White","36","496,564","7.25","--","1,787"
"2020","Washington","Black","--","32,208","--","--","--"
"2020","Washington","American Indian / Alaska Native","--","15,801","--","--","--"
"2020","Washington","Asian","--","56,180","--","--","--"
"2020","Washington","HI Native / Pacific Islander","0**","7,201","0.00**","--","--"
"2020","Washington","More than One Race","--","60,079","--","--","--"
"2020","West Virginia","White","--","138,192","--","--","--"
"2020","West Virginia","Black","--","5,881","--","--","--"
"2020","West Virginia","American Indian / Alaska Native","0**","308","0.00**","--","--"
"2020","West Virginia","Asian","0**","1,042","0.00**","--","--"
"2020","West Virginia","HI Native / Pacific Islander","0**","53","0.00**","--","--"
"2020","West Virginia","More than One Race","0**","5,997","0.00**","--","--"
"2020","Wisconsin","White","29","443,517","6.54","--","1,421"
"2020","Wisconsin","Black","--","47,074","--","--","--"
"2020","Wisconsin","American Indian / Alaska Native","0**","8,175","0.00**","--","--"
"2020","Wisconsin","Asian","0**","19,870","0.00**","--","--"
"2020","Wisconsin","HI Native / Pacific Islander","0**","318","0.00**","--","--"
"2020","Wisconsin","More than One Race","0**","22,888","0.00**","--","--"
"2020","Wyoming","White","--","49,803","--","--","--"
"2020","Wyoming","Black","0**","598","0.00**","--","--"
"2020","Wyoming","American Indian / Alaska Native","0**","2,013","0.00**","--","--"
"2020","Wyoming","Asian","0**","443","0.00**","--","--"
"2020","Wyoming","HI Native / Pacific Islander","0**","65","0.00**","--","--"
"2020","Wyoming","More than One Race","0**","1,954","0.00**","--","--"
"2019","Alabama","White","26","284,459","9.14","--","1,280"
"2019","Alabama","Black","--","127,955","--","--","--"
"2019","Alabama","American Indian / Alaska Native","--","3,241","--","--","--"
"2019","Alabama","Asian","0**","6,861","0.00**","--","--"
"2019","Alabama","HI Native / Pacific Islander","0**","664","0.00**","--","--"
"2019","Alabama","More than One Race","0**","12,673","0.00**","--","--"
"2019","Alaska","White","--","36,139","--","--","--"
"2019","Alaska","Black","0**","2,237","0.00**","--","--"
"2019","Alaska","American Indian / Alaska Native","13**","12,809","101.49**","--","639"
"2019","Alaska","Asian","--","4,425","--","--","--"
"2019","Alaska","HI Native / Pacific Islander","0**","1,441","0.00**","--","--"
"2019","Alaska","More than One Race","--","8,853","--","--","--"
"2019","Arizona","White","38","525,183","7.24","--","1,870"
"2019","Arizona","Black","--","39,967","--","--","--"
"2019","Arizona","American Indian / Alaska Native","--","44,796","--","--","--"
"2019","Arizona","Asian","0**","22,380","0.00**","--","--"
"2019","Arizona","HI Native / Pacific Islander","0**","2,109","0.00**","--","--"
"2019","Arizona","More than One Race","0**","33,132","0.00**","--","--"
"2019","Arkansas","White","15**","209,625","7.16**","--","742"
"2019","Arkansas","Black","--","49,974","--","--","--"
"2019","Arkansas","American Indian / Alaska Native","--","2,995","--","--","--"
"2019","Arkansas","Asian","0**","4,452","0.00**","--","--"
"2019","Arkansas","HI Native / Pacific Islander","--","1,872","--","--","--"
"2019","Arkansas","More than One Race","0**","10,095","0.00**","--","--"
"2019","California","White","96","2,541,297","3.78","--","4,692"
"2019","California","Black","--","230,818","--","--","--"
"2019","California","American Indian / Alaska Native","--","71,032","--","--","--"
"2019","California","Asian","18**","460,510","3.91**","--","876"
"2019","California","HI Native / Pacific Islander","--","19,004","--","--","--"
"2019","California","More than One Race","13**","224,325","5.80**","--","640"
"2019","Colorado","White","63","427,677","14.73","--","3,104"
"2019","Colorado","Black","--","25,908","--","--","--"
"2019","Colorado","American Indian / Alaska Native","--","9,573","--","--","--"
"2019","Colorado","Asian","--","17,858","--","--","--"
"2019","Colorado","HI Native / Pacific Islander","0**","1,188","0.00**","--","--"
"2019","Colorado","More than One Race","--","28,007","--","--","--"
"2019","Connecticut","White","15**","239,225","6.27**","--","730"
"2019","Connecticut","Black","--","45,116","--","--","--"
"2019","Connecticut","American Indian / Alaska Native","0**","2,124","0.00**","--","--"
"2019","Connecticut","Asian","0**","16,362","0.00**","--","--"
"2019","Connecticut","HI Native / Pacific Islander","0**","350","0.00**","--","--"
"2019","Connecticut","More than One Race","0**","14,725","0.00**","--","--"
"2019","Delaware","White","--","51,022","--","--","--"
"2019","Delaware","Black","--","22,840","--","--","--"
"2019","Delaware","American Indian / Alaska Native","0**","689","0.00**","--","--"
"2019","Delaware","Asian","0**","3,040","0.00**","--","--"
"2019","Delaware","HI Native / Pacific Islander","0**","100","0.00**","--","--"
"2019","Delaware","More than One Race","0**","4,744","0.00**","--","--"
"2019","District of Columbia","White","0**","13,232","0.00**","--","--"
"2019","District of Columbia","Black","--","24,770","--","--","--"
"2019","District of Columbia","American Indian / Alaska Native","0**","308","0.00**","--","--"
"2019","District of Columbia","Asian","0**","1,174","0.00**","--","--"
"2019","District of Columbia","HI Native / Pacific Islander","0**","76","0.00**","--","--"
"2019","District of Columbia","More than One Race","0**","1,584","0.00**","--","--"
"2019","Florida","White","76","1,194,911","6.36","--","3,735"
"2019","Florida","Black","16**","364,991","4.38**","--","783"
"2019","Florida","American Indian / Alaska Native","0**","10,142","0.00**","--","--"
"2019","Florida","Asian","--","50,643","--","--","--"
"2019","Florida","HI Native / Pacific Islander","0**","2,220","0.00**","--","--"
"2019","Florida","More than One Race","--","70,304","--","--","--"
"2019","Georgia","White","43","577,889","7.44","--","2,107"
"2019","Georgia","Black","18**","358,672","5.02**","--","887"
"2019","Georgia","American Indian / Alaska Native","0**","6,548","0.00**","--","--"
"2019","Georgia","Asian","--","41,845","--","--","--"
"2019","Georgia","HI Native / Pacific Islander","0**","1,437","0.00**","--","--"
"2019","Georgia","More than One Race","--","37,477","--","--","--"
"2019","Hawaii","White","--","16,856","--","--","--"
"2019","Hawaii","Black","0**","1,880","0.00**","--","--"
"2019","Hawaii","American Indian / Alaska Native","0**","275","0.00**","--","--"
"2019","Hawaii","Asian","--","31,176","--","--","--"
"2019","Hawaii","HI Native / Pacific Islander","--","14,711","--","--","--"
"2019","Hawaii","More than One Race","--","42,761","--","--","--"
"2019","Idaho","White","15**","166,383","9.02**","--","748"
"2019","Idaho","Black","0**","2,027","0.00**","--","--"
"2019","Idaho","American Indian / Alaska Native","--","3,258","--","--","--"
"2019","Idaho","Asian","--","2,475","--","--","--"
"2019","Idaho","HI Native / Pacific Islander","0**","445","0.00**","--","--"
"2019","Idaho","More than One Race","--","6,876","--","--","--"
"2019","Illinois","White","49","852,605","5.75","--","2,394"
"2019","Illinois","Black","10**","181,913","5.50**","--","492"
"2019","Illinois","American Indian / Alaska Native","0**","9,595","0.00**","--","--"
"2019","Illinois","Asian","--","60,497","--","--","--"
"2019","Illinois","HI Native / Pacific Islander","0**","794","0.00**","--","--"
"2019","Illinois","More than One Race","0**","43,174","0.00**","--","--"
"2019","Indiana","White","33","510,469","6.47","--","1,655"
"2019","Indiana","Black","--","73,021","--","--","--"
"2019","Indiana","American Indian / Alaska Native","0**","3,002","0.00**","--","--"
"2019","Indiana","Asian","0**","16,350","0.00**","--","--"
"2019","Indiana","HI Native / Pacific Islander","0**","526","0.00**","--","--"
"2019","Indiana","More than One Race","--","25,818","--","--","--"
"2019","Iowa","White","29","253,190","11.45","--","1,426"
"2019","Iowa","Black","0**","15,540","0.00**","--","--"
"2019","Iowa","American Indian / Alaska Native","0**","1,962","0.00**","--","--"
"2019","Iowa","Asian","0**","7,966","0.00**","--","--"
"2019","Iowa","HI Native / Pacific Islander","0**","591","0.00**","--","--"
"2019","Iowa","More than One Race","0**","11,465","0.00**","--","--"
"2019","Kansas","White","27","230,753","11.70","--","1,328"
"2019","Kansas","Black","--","18,633","--","--","--"
"2019","Kansas","American Indian / Alaska Native","0**","3,794","0.00**","--","--"
"2019","Kansas","Asian","0**","8,393","0.00**","--","--"
"2019","Kansas","HI Native / Pacific Islander","0**","424","0.00**","--","--"
"2019","Kansas","More than One Race","--","16,130","--","--","--"
"2019","Kentucky","White","27","335,278","8.05","--","1,329"
"2019","Kentucky","Black","--","39,189","--","--","--"
"2019","Kentucky","American Indian / Alaska Native","0**","1,175","0.00**","--","--"
"2019","Kentucky","Asian","--","7,347","--","--","--"
"2019","Kentucky","HI Native / Pacific Islander","0**","509","0.00**","--","--"
"2019","Kentucky","More than One Race","0**","15,665","0.00**","--","--"
"2019","Louisiana","White","27","238,972","11.30","--","1,325"
"2019","Louisiana","Black","--","159,197","--","--","--"
"2019","Louisiana","American Indian / Alaska Native","0**","3,459","0.00**","--","--"
"2019","Louisiana","Asian","--","6,992","--","--","--"
"2019","Louisiana","HI Native / Pacific Islander","0**","238","0.00**","--","--"
"2019","Louisiana","More than One Race","0**","12,062","0.00**","--","--"
"2019","Maine","White","10**","96,055","10.41**","--","487"
"2019","Maine","Black","0**","3,018","0.00**","--","--"
"2019","Maine","American Indian / Alaska Native","0**","888","0.00**","--","--"
"2019","Maine","Asian","0**","1,952","0.00**","--","--"
"2019","Maine","HI Native / Pacific Islander","0**","52","0.00**","--","--"
"2019","Maine","More than One Race","0**","3,727","0.00**","--","--"
"2019","Maryland","White","20**","290,487","6.89**","--","974"
"2019","Maryland","Black","--","173,362","--","--","--"
"2019","Maryland","American Indian / Alaska Native","0**","3,577","0.00**","--","--"
"2019","Maryland","Asian","--","34,576","--","--","--"
"2019","Maryland","HI Native / Pacific Islander","0**","509","0.00**","--","--"
"2019","Maryland","More than One Race","0**","29,039","0.00**","--","--"
"2019","Massachusetts","White","14**","441,147","3.17**","--","678"
"2019","Massachusetts","Black","0**","62,309","0.00**","--","--"
"2019","Massachusetts","American Indian / Alaska Native","0**","3,648","0.00**","--","--"
"2019","Massachusetts","Asian","0**","42,050","0.00**","--","--"
"2019","Massachusetts","HI Native / Pacific Islander","0**","795","0.00**","--","--"
"2019","Massachusetts","More than One Race","--","26,010","--","--","--"
"2019","Michigan","White","62","665,372","9.32","--","3,069"
"2019","Michigan","Black","--","137,137","--","--","--"
"2019","Michigan","American Indian / Alaska Native","0**","7,428","0.00**","--","--"
"2019","Michigan","Asian","--","31,649","--","--","--"
"2019","Michigan","HI Native / Pacific Islander","0**","425","0.00**","--","--"
"2019","Michigan","More than One Race","--","43,216","--","--","--"
"2019","Minnesota","White","30","395,474","7.59","--","1,464"
"2019","Minnesota","Black","--","49,522","--","--","--"
"2019","Minnesota","American Indian / Alaska Native","--","9,193","--","--","--"
"2019","Minnesota","Asian","--","30,948","--","--","--"
"2019","Minnesota","HI Native / Pacific Islander","0**","488","0.00**","--","--"
"2019","Minnesota","More than One Race","--","27,190","--","--","--"
"2019","Mississippi","White","17**","151,674","11.21**","--","834"
"2019","Mississippi","Black","--","120,636","--","--","--"
"2019","Mississippi","American Indian / Alaska Native","0**","2,205","0.00**","--","--"
"2019","Mississippi","Asian","--","3,010","--","--","--"
"2019","Mississippi","HI Native / Pacific Islander","0**","185","0.00**","--","--"
"2019","Mississippi","More than One Race","--","6,603","--","--","--"
"2019","Missouri","White","43","432,481","9.94","--","2,108"
"2019","Missouri","Black","--","73,632","--","--","--"
"2019","Missouri","American Indian / Alaska Native","0**","3,085","0.00**","--","--"
"2019","Missouri","Asian","--","11,882","--","--","--"
"2019","Missouri","HI Native / Pacific Islander","0**","1,292","0.00**","--","--"
"2019","Missouri","More than One Race","--","23,920","--","--","--"
"2019","Montana","White","10**","75,097","13.32**","--","490"
"2019","Montana","Black","0**","691","0.00**","--","--"
"2019","Montana","American Indian / Alaska Native","--","9,062","--","--","--"
"2019","Montana","Asian","--","776","--","--","--"
"2019","Montana","HI Native / Pacific Islander","0**","91","0.00**","--","--"
"2019","Montana","More than One Race","--","4,512","--","--","--"
"2019","Nebraska","White","13**","156,103","8.33**","--","628"
"2019","Nebraska","Black","--","11,380","--","--","--"
"2019","Nebraska","American Indian / Alaska Native","0**","3,762","0.00**","--","--"
"2019","Nebraska","Asian","--","4,987","--","--","--"
"2019","Nebraska","HI Native / Pacific Islander","0**","295","0.00**","--","--"
"2019","Nebraska","More than One Race","0**","8,006","0.00**","--","--"
"2019","Nevada","White","14**","192,063","7.29**","--","693"
"2019","Nevada","Black","--","30,979","--","--","--"
"2019","Nevada","American Indian / Alaska Native","0**","5,062","0.00**","--","--"
"2019","Nevada","Asian","--","19,085","--","--","--"
"2019","Nevada","HI Native / Pacific Islander","--","2,594","--","--","--"
"2019","Nevada","More than One Race","--","20,803","--","--","--"
"2019","New Hampshire","White","--","100,832","--","--","--"
"2019","New Hampshire","Black","0**","2,629","0.00**","--","--"
"2019","New Hampshire","American Indian / Alaska Native","0**","316","0.00**","--","--"
"2019","New Hampshire","Asian","0**","3,699","0.00**","--","--"
"2019","New Hampshire","HI Native / Pacific Islander","0**","57","0.00**","--","--"
"2019","New Hampshire","More than One Race","0**","4,006","0.00**","--","--"
"2019","New Jersey","White","20**","545,316","3.67**","--","981"
"2019","New Jersey","Black","--","127,038","--","--","--"
"2019","New Jersey","American Indian / Alaska Native","0**","5,892","0.00**","--","--"
"2019","New Jersey","Asian","0**","75,285","0.00**","--","--"
"2019","New Jersey","HI Native / Pacific Islander","0**","941","0.00**","--","--"
"2019","New Jersey","More than One Race","--","30,068","--","--","--"
"2019","New Mexico","White","24","152,618","15.73","--","1,177"
"2019","New Mexico","Black","--","5,740","--","--","--"
"2019","New Mexico","American Indian / Alaska Native","--","25,261","--","--","--"
"2019","New Mexico","Asian","0**","3,041","0.00**","--","--"
"2019","New Mexico","HI Native / Pacific Islander","0**","358","0.00**","--","--"
"2019","New Mexico","More than One Race","0**","8,005","0.00**","--","--"
"2019","New York","White","53","1,069,135","4.96","--","2,608"
"2019","New York","Black","--","305,319","--","--","--"
"2019","New York","American Indian / Alaska Native","0**","19,864","0.00**","--","--"
"2019","New York","Asian","--","128,769","--","--","--"
"2019","New York","HI Native / Pacific Islander","--","2,437","--","--","--"
"2019","New York","More than One Race","--","66,530","--","--","--"
"2019","North Carolina","White","37","625,045","5.92","--","1,819"
"2019","North Carolina","Black","13**","227,047","5.73**","--","634"
"2019","North Carolina","American Indian / Alaska Native","--","17,551","--","--","--"
"2019","North Carolina","Asian","0**","30,520","0.00**","--","--"
"2019","North Carolina","HI Native / Pacific Islander","0**","1,504","0.00**","--","--"
"2019","North Carolina","More than One Race","--","41,429","--","--","--"
"2019","North Dakota","White","11**","53,265","20.65**","--","540"
"2019","North Dakota","Black","0**","2,273","0.00**","--","--"
"2019","North Dakota","American Indian / Alaska Native","--","5,542","--","--","--"
"2019","North Dakota","Asian","--","924","--","--","--"
"2019","North Dakota","HI Native / Pacific Islander","0**","43","0.00**","--","--"
"2019","North Dakota","More than One Race","--","2,657","--","--","--"
"2019","Ohio","White","78","807,605","9.66","--","3,846"
"2019","Ohio","Black","10**","155,752","6.42**","--","487"
"2019","Ohio","American Indian / Alaska Native","--","2,827","--","--","--"
"2019","Ohio","Asian","0**","25,990","0.00**","--","--"
"2019","Ohio","HI Native / Pacific Islander","0**","887","0.00**","--","--"
"2019","Ohio","More than One Race","0**","49,568","0.00**","--","--"
"2019","Oklahoma","White","37","250,297","14.78","--","1,826"
"2019","Oklahoma","Black","--","31,570","--","--","--"
"2019","Oklahoma","American Indian / Alaska Native","--","43,761","--","--","--"
"2019","Oklahoma","Asian","--","8,232","--","--","--"
"2019","Oklahoma","HI Native / Pacific Islander","0**","963","0.00**","--","--"
"2019","Oklahoma","More than One Race","--","37,449","--","--","--"
"2019","Oregon","White","21","287,031","7.32","--","1,026"
"2019","Oregon","Black","--","9,198","--","--","--"
"2019","Oregon","American Indian / Alaska Native","--","7,823","--","--","--"
"2019","Oregon","Asian","0**","16,042","0.00**","--","--"
"2019","Oregon","HI Native / Pacific Islander","0**","2,072","0.00**","--","--"
"2019","Oregon","More than One Race","--","23,874","--","--","--"
"2019","Pennsylvania","White","60","828,073","7.25","--","2,951"
"2019","Pennsylvania","Black","--","156,736","--","--","--"
"2019","Pennsylvania","American Indian / Alaska Native","0**","5,254","0.00**","--","--"
"2019","Pennsylvania","Asian","0**","43,302","0.00**","--","--"
"2019","Pennsylvania","HI Native / Pacific Islander","0**","982","0.00**","--","--"
"2019","Pennsylvania","More than One Race","--","45,711","--","--","--"
"2019","Rhode Island","White","0**","68,874","0.00**","--","--"
"2019","Rhode Island","Black","0**","9,480","0.00**","--","--"
"2019","Rhode Island","American Indian / Alaska Native","0**","1,171","0.00**","--","--"
"2019","Rhode Island","Asian","--","3,281","--","--","--"
"2019","Rhode Island","HI Native / Pacific Islander","0**","200","0.00**","--","--"
"2019","Rhode Island","More than One Race","0**","4,972","0.00**","--","--"
"2019","South Carolina","White","36","284,229","12.67","--","1,783"
"2019","South Carolina","Black","--","136,932","--","--","--"
"2019","South Carolina","American Indian / Alaska Native","--","2,741","--","--","--"
"2019","South Carolina","Asian","--","8,062","--","--","--"
"2019","South Carolina","HI Native / Pacific Islander","0**","584","0.00**","--","--"
"2019","South Carolina","More than One Race","--","16,929","--","--","--"
"2019","South Dakota","White","12**","63,490","18.90**","--","584"
"2019","South Dakota","Black","--","2,014","--","--","--"
"2019","South Dakota","American Indian / Alaska Native","--","11,214","--","--","--"
"2019","South Dakota","Asian","0**","1,372","0.00**","--","--"
"2019","South Dakota","HI Native / Pacific Islander","0**","65","0.00**","--","--"
"2019","South Dakota","More than One Race","--","3,780","--","--","--"
"2019","Tennessee","White","34","447,910","7.59","--","1,673"
"2019","Tennessee","Black","--","114,855","--","--","--"
"2019","Tennessee","American Indian / Alaska Native","0**","3,041","0.00**","--","--"
"2019","Tennessee","Asian","0**","11,885","0.00**","--","--"
"2019","Tennessee","HI Native / Pacific Islander","0**","773","0.00**","--","--"
"2019","Tennessee","More than One Race","--","22,141","--","--","--"
"2019","Texas","White","198","2,262,059","8.75","--","9,705"
"2019","Texas","Black","19**","388,143","4.90**","--","927"
"2019","Texas","American Indian / Alaska Native","0**","33,805","0.00**","--","--"
"2019","Texas","Asian","11**","134,417","8.18**","--","541"
"2019","Texas","HI Native / Pacific Islander","--","4,649","--","--","--"
"2019","Texas","More than One Race","--","89,917","--","--","--"
"2019","Utah","White","51","329,412","15.48","--","2,480"
"2019","Utah","Black","--","6,095","--","--","--"
"2019","Utah","American Indian / Alaska Native","--","5,687","--","--","--"
"2019","Utah","Asian","--","7,352","--","--","--"
"2019","Utah","HI Native / Pacific Islander","0**","4,378","0.00**","--","--"
"2019","Utah","More than One Race","--","14,361","--","--","--"
"2019","Vermont","White","--","45,957","--","--","--"
"2019","Vermont","Black","--","1,032","--","--","--"
"2019","Vermont","American Indian / Alaska Native","0**","177","0.00**","--","--"
"2019","Vermont","Asian","--","1,371","--","--","--"
"2019","Vermont","HI Native / Pacific Islander","0**","19","0.00**","--","--"
"2019","Vermont","More than One Race","0**","1,963","0.00**","--","--"
"2019","Virginia","White","37","486,299","7.61","--","1,816"
"2019","Virginia","Black","14**","158,438","8.84**","--","685"
"2019","Virginia","American Indian / Alaska Native","0**","4,683","0.00**","--","--"
"2019","Virginia","Asian","0**","52,067","0.00**","--","--"
"2019","Virginia","HI Native / Pacific Islander","0**","932","0.00**","--","--"
"2019","Virginia","More than One Race","--","43,941","--","--","--"
"2019","Washington","White","38","474,663","8.01","--","1,855"
"2019","Washington","Black","--","30,530","--","--","--"
"2019","Washington","American Indian / Alaska Native","--","14,977","--","--","--"
"2019","Washington","Asian","--","53,859","--","--","--"
"2019","Washington","HI Native / Pacific Islander","0**","6,801","0.00**","--","--"
"2019","Washington","More than One Race","--","56,327","--","--","--"
"2019","West Virginia","White","14**","134,077","10.44**","--","689"
"2019","West Virginia","Black","0**","5,678","0.00**","--","--"
"2019","West Virginia","American Indian / Alaska Native","0**","287","0.00**","--","--"
"2019","West Virginia","Asian","0**","1,062","0.00**","--","--"
"2019","West Virginia","HI Native / Pacific Islander","0**","55","0.00**","--","--"
"2019","West Virginia","More than One Race","0**","5,567","0.00**","--","--"
"2019","Wisconsin","White","31","426,167","7.27","--","1,509"
"2019","Wisconsin","Black","--","45,567","--","--","--"
"2019","Wisconsin","American Indian / Alaska Native","--","7,736","--","--","--"
"2019","Wisconsin","Asian","--","18,900","--","--","--"
"2019","Wisconsin","HI Native / Pacific Islander","0**","317","0.00**","--","--"
"2019","Wisconsin","More than One Race","--","21,425","--","--","--"
"2019","Wyoming","White","10**","47,831","20.91**","--","497"
"2019","Wyoming","Black","0**","613","0.00**","--","--"
"2019","Wyoming","American Indian / Alaska Native","--","1,959","--","--","--"
"2019","Wyoming","Asian","0**","410","0.00**","--","--"
"2019","Wyoming","HI Native / Pacific Islander","0**","69","0.00**","--","--"
"2019","Wyoming","More than One Race","0**","1,847","0.00**","--","--"
"2018","Alabama","White","30","285,233","10.52","--","1,470"
"2018","Alabama","Black","--","129,466","--","--","--"
"2018","Alabama","American Indian / Alaska Native","0**","3,290","0.00**","--","--"
"2018","Alabama","Asian","0**","6,910","0.00**","--","--"
"2018","Alabama","HI Native / Pacific Islander","0**","674","0.00**","--","--"
"2018","Alabama","More than One Race","0**","12,172","0.00**","--","--"
"2018","Alaska","White","--","36,681","--","--","--"
"2018","Alaska","Black","0**","2,402","0.00**","--","--"
"2018","Alaska","American Indian / Alaska Native","--","12,896","--","--","--"
"2018","Alaska","Asian","0**","4,582","0.00**","--","--"
"2018","Alaska","HI Native / Pacific Islander","0**","1,418","0.00**","--","--"
"2018","Alaska","More than One Race","--","8,810","--","--","--"
"2018","Arizona","White","53","522,098","10.15","--","2,585"
"2018","Arizona","Black","--","38,803","--","--","--"
"2018","Arizona","American Indian / Alaska Native","16**","44,314","36.11**","--","785"
"2018","Arizona","Asian","--","21,897","--","--","--"
"2018","Arizona","HI Native / Pacific Islander","--","2,046","--","--","--"
"2018","Arizona","More than One Race","--","31,793","--","--","--"
"2018","Arkansas","White","22","209,204","10.52","--","1,092"
"2018","Arkansas","Black","--","50,201","--","--","--"
"2018","Arkansas","American Indian / Alaska Native","0**","2,994","0.00**","--","--"
"2018","Arkansas","Asian","0**","4,465","0.00**","--","--"
"2018","Arkansas","HI Native / Pacific Islander","0**","1,674","0.00**","--","--"
"2018","Arkansas","More than One Race","0**","9,661","0.00**","--","--"
"2018","California","White","113","2,556,569","4.42","--","5,521"
"2018","California","Black","--","233,661","--","--","--"
"2018","California","American Indian / Alaska Native","--","70,826","--","--","--"
"2018","California","Asian","15**","459,657","3.26**","--","722"
"2018","California","HI Native / Pacific Islander","0**","19,031","0.00**","--","--"
"2018","California","More than One Race","15**","219,865","6.82**","--","734"
"2018","Colorado","White","61","426,555","14.30","--","3,007"
"2018","Colorado","Black","--","26,002","--","--","--"
"2018","Colorado","American Indian / Alaska Native","--","9,563","--","--","--"
"2018","Colorado","Asian","--","17,965","--","--","--"
"2018","Colorado","HI Native / Pacific Islander","0**","1,163","0.00**","--","--"
"2018","Colorado","More than One Race","--","27,180","--","--","--"
"2018","Connecticut","White","--","244,679","--","--","--"
"2018","Connecticut","Black","--","45,082","--","--","--"
"2018","Connecticut","American Indian / Alaska Native","0**","2,098","0.00**","--","--"
"2018","Connecticut","Asian","--","16,251","--","--","--"
"2018","Connecticut","HI Native / Pacific Islander","0**","344","0.00**","--","--"
"2018","Connecticut","More than One Race","0**","14,262","0.00**","--","--"
"2018","Delaware","White","--","51,219","--","--","--"
"2018","Delaware","Black","--","22,889","--","--","--"
"2018","Delaware","American Indian / Alaska Native","0**","684","0.00**","--","--"
"2018","Delaware","Asian","--","3,043","--","--","--"
"2018","Delaware","HI Native / Pacific Islander","0**","102","0.00**","--","--"
"2018","Delaware","More than One Race","0**","4,525","0.00**","--","--"
"2018","District of Columbia","White","0**","12,735","0.00**","--","--"
"2018","District of Columbia","Black","--","24,957","--","--","--"
"2018","District of Columbia","American Indian / Alaska Native","0**","283","0.00**","--","--"
"2018","District of Columbia","Asian","0**","1,171","0.00**","--","--"
"2018","District of Columbia","HI Native / Pacific Islander","0**","79","0.00**","--","--"
"2018","District of Columbia","More than One Race","0**","1,523","0.00**","--","--"
"2018","Florida","White","85","1,194,376","7.12","--","4,142"
"2018","Florida","Black","16**","364,565","4.39**","--","777"
"2018","Florida","American Indian / Alaska Native","--","10,033","--","--","--"
"2018","Florida","Asian","--","49,941","--","--","--"
"2018","Florida","HI Native / Pacific Islander","0**","2,189","0.00**","--","--"
"2018","Florida","More than One Race","--","67,498","--","--","--"
"2018","Georgia","White","51","577,642","8.83","--","2,514"
"2018","Georgia","Black","22","357,073","6.16","--","1,094"
"2018","Georgia","American Indian / Alaska Native","0**","6,408","0.00**","--","--"
"2018","Georgia","Asian","--","40,862","--","--","--"
"2018","Georgia","HI Native / Pacific Islander","0**","1,410","0.00**","--","--"
"2018","Georgia","More than One Race","0**","35,775","0.00**","--","--"
"2018","Hawaii","White","0**","17,001","0.00**","--","--"
"2018","Hawaii","Black","0**","1,874","0.00**","--","--"
"2018","Hawaii","American Indian / Alaska Native","0**","290","0.00**","--","--"
"2018","Hawaii","Asian","0**","31,968","0.00**","--","--"
"2018","Hawaii","HI Native / Pacific Islander","0**","14,875","0.00**","--","--"
"2018","Hawaii","More than One Race","--","42,770","--","--","--"
"2018","Idaho","White","28","163,642","17.11","--","1,381"
"2018","Idaho","Black","0**","2,018","0.00**","--","--"
"2018","Idaho","American Indian / Alaska Native","--","3,235","--","--","--"
"2018","Idaho","Asian","0**","2,562","0.00**","--","--"
"2018","Idaho","HI Native / Pacific Islander","0**","451","0.00**","--","--"
"2018","Idaho","More than One Race","--","6,594","--","--","--"
"2018","Illinois","White","53","862,691","6.14","--","2,624"
"2018","Illinois","Black","--","185,530","--","--","--"
"2018","Illinois","American Indian / Alaska Native","0**","9,517","0.00**","--","--"
"2018","Illinois","Asian","--","60,192","--","--","--"
"2018","Illinois","HI Native / Pacific Islander","0**","780","0.00**","--","--"
"2018","Illinois","More than One Race","0**","42,296","0.00**","--","--"
"2018","Indiana","White","55","513,223","10.72","--","2,686"
"2018","Indiana","Black","--","72,722","--","--","--"
"2018","Indiana","American Indian / Alaska Native","0**","2,949","0.00**","--","--"
"2018","Indiana","Asian","--","15,827","--","--","--"
"2018","Indiana","HI Native / Pacific Islander","0**","529","0.00**","--","--"
"2018","Indiana","More than One Race","--","24,943","--","--","--"
"2018","Iowa","White","19**","253,375","7.50**","--","927"
"2018","Iowa","Black","--","14,953","--","--","--"
"2018","Iowa","American Indian / Alaska Native","0**","1,926","0.00**","--","--"
"2018","Iowa","Asian","0**","7,768","0.00**","--","--"
"2018","Iowa","HI Native / Pacific Islander","0**","534","0.00**","--","--"
"2018","Iowa","More than One Race","--","11,032","--","--","--"
"2018","Kansas","White","34","231,517","14.69","--","1,660"
"2018","Kansas","Black","--","18,645","--","--","--"
"2018","Kansas","American Indian / Alaska Native","0**","3,870","0.00**","--","--"
"2018","Kansas","Asian","--","8,405","--","--","--"
"2018","Kansas","HI Native / Pacific Islander","0**","419","0.00**","--","--"
"2018","Kansas","More than One Race","0**","15,672","0.00**","--","--"
"2018","Kentucky","White","33","336,803","9.80","--","1,608"
"2018","Kentucky","Black","0**","38,921","0.00**","--","--"
"2018","Kentucky","American Indian / Alaska Native","0**","1,168","0.00**","--","--"
"2018","Kentucky","Asian","0**","7,185","0.00**","--","--"
"2018","Kentucky","HI Native / Pacific Islander","0**","471","0.00**","--","--"
"2018","Kentucky","More than One Race","0**","14,974","0.00**","--","--"
"2018","Louisiana","White","26","239,776","10.84","--","1,288"
"2018","Louisiana","Black","--","160,106","--","--","--"
"2018","Louisiana","American Indian / Alaska Native","0**","3,530","0.00**","--","--"
"2018","Louisiana","Asian","0**","6,860","0.00**","--","--"
"2018","Louisiana","HI Native / Pacific Islander","0**","242","0.00**","--","--"
"2018","Louisiana","More than One Race","0**","11,448","0.00**","--","--"
"2018","Maine","White","--","97,009","--","--","--"
"2018","Maine","Black","--","2,841","--","--","--"
"2018","Maine","American Indian / Alaska Native","0**","906","0.00**","--","--"
"2018","Maine","Asian","0**","1,932","0.00**","--","--"
"2018","Maine","HI Native / Pacific Islander","0**","54","0.00**","--","--"
"2018","Maine","More than One Race","--","3,564","--","--","--"
"2018","Maryland","White","16**","292,000","5.48**","--","781"
"2018","Maryland","Black","--","174,115","--","--","--"
"2018","Maryland","American Indian / Alaska Native","0**","3,485","0.00**","--","--"
"2018","Maryland","Asian","--","34,125","--","--","--"
"2018","Maryland","HI Native / Pacific Islander","0**","509","0.00**","--","--"
"2018","Maryland","More than One Race","0**","28,121","0.00**","--","--"
"2018","Massachusetts","White","14**","449,001","3.12**","--","688"
"2018","Massachusetts","Black","--","61,680","--","--","--"
"2018","Massachusetts","American Indian / Alaska Native","0**","3,582","0.00**","--","--"
"2018","Massachusetts","Asian","--","41,411","--","--","--"
"2018","Massachusetts","HI Native / Pacific Islander","0**","766","0.00**","--","--"
"2018","Massachusetts","More than One Race","0**","25,296","0.00**","--","--"
"2018","Michigan","White","73","675,602","10.81","--","3,601"
"2018","Michigan","Black","10**","139,650","7.16**","--","497"
"2018","Michigan","American Indian / Alaska Native","0**","7,493","0.00**","--","--"
"2018","Michigan","Asian","--","31,708","--","--","--"
"2018","Michigan","HI Native / Pacific Islander","0**","428","0.00**","--","--"
"2018","Michigan","More than One Race","--","42,177","--","--","--"
"2018","Minnesota","White","31","396,418","7.82","--","1,528"
"2018","Minnesota","Black","--","47,145","--","--","--"
"2018","Minnesota","American Indian / Alaska Native","--","9,040","--","--","--"
"2018","Minnesota","Asian","--","30,444","--","--","--"
"2018","Minnesota","HI Native / Pacific Islander","0**","463","0.00**","--","--"
"2018","Minnesota","More than One Race","--","26,128","--","--","--"
"2018","Mississippi","White","17**","151,909","11.19**","--","830"
"2018","Mississippi","Black","--","121,030","--","--","--"
"2018","Mississippi","American Indian / Alaska Native","0**","2,208","0.00**","--","--"
"2018","Mississippi","Asian","0**","2,993","0.00**","--","--"
"2018","Mississippi","HI Native / Pacific Islander","0**","177","0.00**","--","--"
"2018","Mississippi","More than One Race","--","6,206","--","--","--"
"2018","Missouri","White","66","434,055","15.21","--","3,226"
"2018","Missouri","Black","--","73,961","--","--","--"
"2018","Missouri","American Indian / Alaska Native","0**","3,069","0.00**","--","--"
"2018","Missouri","Asian","--","11,586","--","--","--"
"2018","Missouri","HI Native / Pacific Islander","0**","1,242","0.00**","--","--"
"2018","Missouri","More than One Race","--","22,896","--","--","--"
"2018","Montana","White","13**","74,504","17.45**","--","637"
"2018","Montana","Black","0**","640","0.00**","--","--"
"2018","Montana","American Indian / Alaska Native","--","8,945","--","--","--"
"2018","Montana","Asian","--","755","--","--","--"
"2018","Montana","HI Native / Pacific Islander","0**","83","0.00**","--","--"
"2018","Montana","More than One Race","--","4,280","--","--","--"
"2018","Nebraska","White","11**","156,009","7.05**","--","543"
"2018","Nebraska","Black","0**","11,185","0.00**","--","--"
"2018","Nebraska","American Indian / Alaska Native","--","3,724","--","--","--"
"2018","Nebraska","Asian","0**","4,977","0.00**","--","--"
"2018","Nebraska","HI Native / Pacific Islander","0**","281","0.00**","--","--"
"2018","Nebraska","More than One Race","--","7,666","--","--","--"
"2018","Nevada","White","22","190,267","11.56","--","1,097"
"2018","Nevada","Black","--","29,920","--","--","--"
"2018","Nevada","American Indian / Alaska Native","0**","5,029","0.00**","--","--"
"2018","Nevada","Asian","--","18,829","--","--","--"
"2018","Nevada","HI Native / Pacific Islander","0**","2,509","0.00**","--","--"
"2018","Nevada","More than One Race","0**","19,688","0.00**","--","--"
"2018","New Hampshire","White","12**","102,290","11.73**","--","592"
"2018","New Hampshire","Black","0**","2,537","0.00**","--","--"
"2018","New Hampshire","American Indian / Alaska Native","0**","311","0.00**","--","--"
"2018","New Hampshire","Asian","0**","3,661","0.00**","--","--"
"2018","New Hampshire","HI Native / Pacific Islander","0**","52","0.00**","--","--"
"2018","New Hampshire","More than One Race","0**","3,898","0.00**","--","--"
"2018","New Jersey","White","22","551,935","3.99","--","1,079"
"2018","New Jersey","Black","--","128,380","--","--","--"
"2018","New Jersey","American Indian / Alaska Native","0**","5,736","0.00**","--","--"
"2018","New Jersey","Asian","--","74,321","--","--","--"
"2018","New Jersey","HI Native / Pacific Islander","0**","873","0.00**","--","--"
"2018","New Jersey","More than One Race","--","29,217","--","--","--"
"2018","New Mexico","White","19**","153,151","12.41**","--","941"
"2018","New Mexico","Black","--","5,549","--","--","--"
"2018","New Mexico","American Indian / Alaska Native","--","25,170","--","--","--"
"2018","New Mexico","Asian","--","3,072","--","--","--"
"2018","New Mexico","HI Native / Pacific Islander","0**","358","0.00**","--","--"
"2018","New Mexico","More than One Race","--","7,805","--","--","--"
"2018","New York","White","51","1,086,331","4.70","--","2,485"
"2018","New York","Black","11**","311,816","3.53**","--","547"
"2018","New York","American Indian / Alaska Native","0**","19,916","0.00**","--","--"
"2018","New York","Asian","--","129,301","--","--","--"
"2018","New York","HI Native / Pacific Islander","--","2,418","--","--","--"
"2018","New York","More than One Race","--","65,113","--","--","--"
"2018","North Carolina","White","50","623,877","8.01","--","2,454"
"2018","North Carolina","Black","11**","227,403","4.84**","--","544"
"2018","North Carolina","American Indian / Alaska Native","--","17,536","--","--","--"
"2018","North Carolina","Asian","--","29,333","--","--","--"
"2018","North Carolina","HI Native / Pacific Islander","0**","1,468","0.00**","--","--"
"2018","North Carolina","More than One Race","--","39,820","--","--","--"
"2018","North Dakota","White","--","52,477","--","--","--"
"2018","North Dakota","Black","--","2,188","--","--","--"
"2018","North Dakota","American Indian / Alaska Native","--","5,380","--","--","--"
"2018","North Dakota","Asian","0**","896","0.00**","--","--"
"2018","North Dakota","HI Native / Pacific Islander","0**","39","0.00**","--","--"
"2018","North Dakota","More than One Race","0**","2,513","0.00**","--","--"
"2018","Ohio","White","90","818,334","11.00","--","4,422"
"2018","Ohio","Black","14**","155,214","9.02**","--","695"
"2018","Ohio","American Indian / Alaska Native","0**","2,803","0.00**","--","--"
"2018","Ohio","Asian","0**","25,143","0.00**","--","--"
"2018","Ohio","HI Native / Pacific Islander","0**","820","0.00**","--","--"
"2018","Ohio","More than One Race","0**","47,739","0.00**","--","--"
"2018","Oklahoma","White","29","249,709","11.61","--","1,438"
"2018","Oklahoma","Black","--","31,648","--","--","--"
"2018","Oklahoma","American Indian / Alaska Native","--","43,996","--","--","--"
"2018","Oklahoma","Asian","0**","8,109","0.00**","--","--"
"2018","Oklahoma","HI Native / Pacific Islander","0**","921","0.00**","--","--"
"2018","Oklahoma","More than One Race","--","36,284","--","--","--"
"2018","Oregon","White","42","286,832","14.64","--","2,060"
"2018","Oregon","Black","--","9,171","--","--","--"
"2018","Oregon","American Indian / Alaska Native","0**","7,904","0.00**","--","--"
"2018","Oregon","Asian","--","16,153","--","--","--"
"2018","Oregon","HI Native / Pacific Islander","0**","2,063","0.00**","--","--"
"2018","Oregon","More than One Race","0**","23,423","0.00**","--","--"
"2018","Pennsylvania","White","65","839,801","7.74","--","3,200"
"2018","Pennsylvania","Black","10**","156,859","6.38**","--","495"
"2018","Pennsylvania","American Indian / Alaska Native","0**","5,214","0.00**","--","--"
"2018","Pennsylvania","Asian","--","42,985","--","--","--"
"2018","Pennsylvania","HI Native / Pacific Islander","0**","949","0.00**","--","--"
"2018","Pennsylvania","More than One Race","0**","43,914","0.00**","--","--"
"2018","Rhode Island","White","--","70,235","--","--","--"
"2018","Rhode Island","Black","0**","9,521","0.00**","--","--"
"2018","Rhode Island","American Indian / Alaska Native","0**","1,171","0.00**","--","--"
"2018","Rhode Island","Asian","0**","3,280","0.00**","--","--"
"2018","Rhode Island","HI Native / Pacific Islander","0**","205","0.00**","--","--"
"2018","Rhode Island","More than One Race","0**","4,813","0.00**","--","--"
"2018","South Carolina","White","26","281,525","9.24","--","1,273"
"2018","South Carolina","Black","--","136,182","--","--","--"
"2018","South Carolina","American Indian / Alaska Native","0**","2,689","0.00**","--","--"
"2018","South Carolina","Asian","--","7,845","--","--","--"
"2018","South Carolina","HI Native / Pacific Islander","0**","569","0.00**","--","--"
"2018","South Carolina","More than One Race","--","15,950","--","--","--"
"2018","South Dakota","White","--","62,773","--","--","--"
"2018","South Dakota","Black","0**","1,923","0.00**","--","--"
"2018","South Dakota","American Indian / Alaska Native","15**","11,063","135.59**","--","734"
"2018","South Dakota","Asian","0**","1,371","0.00**","--","--"
"2018","South Dakota","HI Native / Pacific Islander","0**","60","0.00**","--","--"
"2018","South Dakota","More than One Race","--","3,586","--","--","--"
"2018","Tennessee","White","45","447,853","10.05","--","2,202"
"2018","Tennessee","Black","--","115,367","--","--","--"
"2018","Tennessee","American Indian / Alaska Native","0**","2,933","0.00**","--","--"
"2018","Tennessee","Asian","--","11,779","--","--","--"
"2018","Tennessee","HI Native / Pacific Islander","0**","709","0.00**","--","--"
"2018","Tennessee","More than One Race","0**","20,987","0.00**","--","--"
"2018","Texas","White","209","2,249,498","9.29","--","10,270"
"2018","Texas","Black","13**","383,467","3.39**","--","635"
"2018","Texas","American Indian / Alaska Native","0**","33,578","0.00**","--","--"
"2018","Texas","Asian","--","131,078","--","--","--"
"2018","Texas","HI Native / Pacific Islander","0**","4,453","0.00**","--","--"
"2018","Texas","More than One Race","--","85,838","--","--","--"
"2018","Utah","White","48","324,406","14.80","--","2,347"
"2018","Utah","Black","0**","5,889","0.00**","--","--"
"2018","Utah","American Indian / Alaska Native","--","5,527","--","--","--"
"2018","Utah","Asian","--","7,329","--","--","--"
"2018","Utah","HI Native / Pacific Islander","--","4,290","--","--","--"
"2018","Utah","More than One Race","--","13,894","--","--","--"
"2018","Vermont","White","--","46,373","--","--","--"
"2018","Vermont","Black","0**","1,063","0.00**","--","--"
"2018","Vermont","American Indian / Alaska Native","0**","187","0.00**","--","--"
"2018","Vermont","Asian","0**","1,306","0.00**","--","--"
"2018","Vermont","HI Native / Pacific Islander","0**","20","0.00**","--","--"
"2018","Vermont","More than One Race","0**","1,859","0.00**","--","--"
"2018","Virginia","White","45","487,189","9.24","--","2,181"
"2018","Virginia","Black","--","159,015","--","--","--"
"2018","Virginia","American Indian / Alaska Native","0**","4,569","0.00**","--","--"
"2018","Virginia","Asian","--","50,891","--","--","--"
"2018","Virginia","HI Native / Pacific Islander","0**","894","0.00**","--","--"
"2018","Virginia","More than One Race","--","42,434","--","--","--"
"2018","Washington","White","51","473,980","10.76","--","2,481"
"2018","Washington","Black","--","30,030","--","--","--"
"2018","Washington","American Indian / Alaska Native","--","14,828","--","--","--"
"2018","Washington","Asian","--","52,950","--","--","--"
"2018","Washington","HI Native / Pacific Islander","--","6,663","--","--","--"
"2018","Washington","More than One Race","--","54,648","--","--","--"
"2018","West Virginia","White","14**","135,241","10.35**","--","696"
"2018","West Virginia","Black","0**","5,749","0.00**","--","--"
"2018","West Virginia","American Indian / Alaska Native","0**","280","0.00**","--","--"
"2018","West Virginia","Asian","0**","1,034","0.00**","--","--"
"2018","West Virginia","HI Native / Pacific Islander","0**","55","0.00**","--","--"
"2018","West Virginia","More than One Race","0**","5,419","0.00**","--","--"
"2018","Wisconsin","White","40","428,942","9.33","--","1,954"
"2018","Wisconsin","Black","--","45,572","--","--","--"
"2018","Wisconsin","American Indian / Alaska Native","--","7,570","--","--","--"
"2018","Wisconsin","Asian","--","18,358","--","--","--"
"2018","Wisconsin","HI Native / Pacific Islander","0**","326","0.00**","--","--"
"2018","Wisconsin","More than One Race","0**","20,438","0.00**","--","--"
"2018","Wyoming","White","--","47,273","--","--","--"
"2018","Wyoming","Black","0**","603","0.00**","--","--"
"2018","Wyoming","American Indian / Alaska Native","0**","1,995","0.00**","--","--"
"2018","Wyoming","Asian","0**","411","0.00**","--","--"
"2018","Wyoming","HI Native / Pacific Islander","0**","65","0.00**","--","--"
"2018","Wyoming","More than One Race","0**","1,755","0.00**","--","--"
"Total","","","12,781","180,325,716","7.09","--","627,353"
"","","","","","","",""
"Injury Outcome: Fatal","","","","","","",""
"Injury Type: All Injury","","","","","","",""
"Data Years: 2018 to 2023","","","","","","",""
"Geography: United States","","","","","","",""
"Intent: Suicide","","","","","","",""
"Mechanism: All Injury","","","","","","",""
"Age: 12 to 18","","","","","","",""
"Sex: All Sexes","","","","","","",""
"Race: All Races","","","","","","",""
"Ethnicity: All Ethnicities","","","","","","",""
"Metro / Non-Metro Indicator: None Selected","","","","","","",""
"YPLL Age: 65","","","","","","",""
"Year and Race Options: 2018 - 2023 by Single Race","","","","","","",""
"Produced by: National Center for Injury Prevention and Control, CDC.","","","","","","",""